title,author,isbn,date,price,pics
机器学习开发实战（英文版）,作者：（意）迪诺・埃斯波西托（DinoEsposito），（意）弗朗西斯科・埃斯波西托（FrancescoEsposito）著,978-7-111-67181-7,2021-01-27,139.00 ,http://cmpbook.com/data/stackroom/6/671811.jpg
程序设计语言原理（英文版・原书第12版）,作者：[美]罗伯特・W.塞巴斯塔（RobertW.Sebesta）著,978-7-111-67184-8,2021-01-13,229.00 ,http://cmpbook.com/data/stackroom/6/671841.jpg
现代软件工程：面向软件产品（英文版）,作者：[英]伊恩・萨默维尔（IanSommerville）著,978-7-111-67156-5,2021-01-08,99.00 ,http://cmpbook.com/data/stackroom/6/671561.jpg
软件工程：实践者的研究方法（英文版・原书第9版）,作者：[美]罗杰・S.普莱斯曼（RogerS.Pressman）布鲁斯・R.马克西姆（BruceR.Maxim）著,978-7-111-67066-7,2020-12-30,149.00 ,http://cmpbook.com/data/stackroom/6/670661.jpg
深度强化学习：基于Python的理论及实践（英文版）,作者：（美）劳拉・格雷泽（LauraGraesser），（美）龚辉伦（WahLoonKeng）著,978-7-111-67040-7,2020-12-22,119.00 ,http://cmpbook.com/data/stackroom/6/670401.jpg
程序设计语言原理（英文版・原书第12版）,作者：[美]罗伯特・W.塞巴斯塔（RobertW.Sebesta）著,978-7-111-67184-8,2021-01-13,229.00 ,http://cmpbook.com/data/stackroom/6/671841.jpg
现代软件工程：面向软件产品（英文版）,作者：[英]伊恩・萨默维尔（IanSommerville）著,978-7-111-67156-5,2021-01-08,99.00 ,http://cmpbook.com/data/stackroom/6/671561.jpg
软件工程：实践者的研究方法（英文版・原书第9版）,作者：[美]罗杰・S.普莱斯曼（RogerS.Pressman）布鲁斯・R.马克西姆（BruceR.Maxim）著,978-7-111-67066-7,2020-12-30,149.00 ,http://cmpbook.com/data/stackroom/6/670661.jpg
深度强化学习：基于Python的理论及实践（英文版）,作者：（美）劳拉・格雷泽（LauraGraesser），（美）龚辉伦（WahLoonKeng）著,978-7-111-67040-7,2020-12-22,119.00 ,http://cmpbook.com/data/stackroom/6/670401.jpg
深度强化学习：基于Python的理论及实践（英文版）,作者：（美）劳拉・格雷泽（LauraGraesser），（美）龚辉伦（WahLoonKeng）著,978-7-111-67040-7,2020-12-22,119.00 ,http://cmpbook.com/data/stackroom/6/670401.jpg
现代软件工程：面向软件产品（英文版）,作者：[英]伊恩・萨默维尔（IanSommerville）著,978-7-111-67156-5,2021-01-08,99.00 ,http://cmpbook.com/data/stackroom/6/671561.jpg
软件工程：实践者的研究方法（英文版・原书第9版）,作者：[美]罗杰・S.普莱斯曼（RogerS.Pressman）布鲁斯・R.马克西姆（BruceR.Maxim）著,978-7-111-67066-7,2020-12-30,149.00 ,http://cmpbook.com/data/stackroom/6/670661.jpg
深度强化学习：基于Python的理论及实践（英文版）,作者：（美）劳拉・格雷泽（LauraGraesser），（美）龚辉伦（WahLoonKeng）著,978-7-111-67040-7,2020-12-22,119.00 ,http://cmpbook.com/data/stackroom/6/670401.jpg
深度强化学习：基于Python的理论及实践（英文版）,作者：（美）劳拉・格雷泽（LauraGraesser），（美）龚辉伦（WahLoonKeng）著,978-7-111-67040-7,2020-12-22,119.00 ,http://cmpbook.com/data/stackroom/6/670401.jpg
大规模并行处理器程序设计（英文版・原书第3版）,作者：（美）大卫・B.柯克（DavidB.Kirk），（美）胡文美（Wen-meiW.Hwu）著,978-7-111-66836-7,2020-11-19,139.00 ,http://cmpbook.com/data/stackroom/6/668361.jpg
软件工程：实践者的研究方法（英文版・原书第9版）,作者：[美]罗杰・S.普莱斯曼（RogerS.Pressman）布鲁斯・R.马克西姆（BruceR.Maxim）著,978-7-111-67066-7,2020-12-30,149.00 ,http://cmpbook.com/data/stackroom/6/670661.jpg
深度强化学习：基于Python的理论及实践（英文版）,作者：（美）劳拉・格雷泽（LauraGraesser），（美）龚辉伦（WahLoonKeng）著,978-7-111-67040-7,2020-12-22,119.00 ,http://cmpbook.com/data/stackroom/6/670401.jpg
深度强化学习：基于Python的理论及实践（英文版）,作者：（美）劳拉・格雷泽（LauraGraesser），（美）龚辉伦（WahLoonKeng）著,978-7-111-67040-7,2020-12-22,119.00 ,http://cmpbook.com/data/stackroom/6/670401.jpg
大规模并行处理器程序设计（英文版・原书第3版）,作者：（美）大卫・B.柯克（DavidB.Kirk），（美）胡文美（Wen-meiW.Hwu）著,978-7-111-66836-7,2020-11-19,139.00 ,http://cmpbook.com/data/stackroom/6/668361.jpg
机器学习：贝叶斯和优化方法（英文版・原书第2版）,作者：[希]西格尔斯・西奥多里蒂斯（SergiosTheodoridis）著,978-7-111-66837-4,2020-11-12,299.00 ,http://cmpbook.com/data/stackroom/6/668371.jpg
深度强化学习：基于Python的理论及实践（英文版）,作者：（美）劳拉・格雷泽（LauraGraesser），（美）龚辉伦（WahLoonKeng）著,978-7-111-67040-7,2020-12-22,119.00 ,http://cmpbook.com/data/stackroom/6/670401.jpg
深度强化学习：基于Python的理论及实践（英文版）,作者：（美）劳拉・格雷泽（LauraGraesser），（美）龚辉伦（WahLoonKeng）著,978-7-111-67040-7,2020-12-22,119.00 ,http://cmpbook.com/data/stackroom/6/670401.jpg
大规模并行处理器程序设计（英文版・原书第3版）,作者：（美）大卫・B.柯克（DavidB.Kirk），（美）胡文美（Wen-meiW.Hwu）著,978-7-111-66836-7,2020-11-19,139.00 ,http://cmpbook.com/data/stackroom/6/668361.jpg
机器学习：贝叶斯和优化方法（英文版・原书第2版）,作者：[希]西格尔斯・西奥多里蒂斯（SergiosTheodoridis）著,978-7-111-66837-4,2020-11-12,299.00 ,http://cmpbook.com/data/stackroom/6/668371.jpg
离散数学及其应用（英文版・原书第8版）,作者：[美]肯尼思・H.罗森（KennethH.Rosen）著,978-7-111-64530-6,2019-12-27,139.00 ,http://cmpbook.com/data/stackroom/6/645301.jpg
深度强化学习：基于Python的理论及实践（英文版）,作者：（美）劳拉・格雷泽（LauraGraesser），（美）龚辉伦（WahLoonKeng）著,978-7-111-67040-7,2020-12-22,119.00 ,http://cmpbook.com/data/stackroom/6/670401.jpg
大规模并行处理器程序设计（英文版・原书第3版）,作者：（美）大卫・B.柯克（DavidB.Kirk），（美）胡文美（Wen-meiW.Hwu）著,978-7-111-66836-7,2020-11-19,139.00 ,http://cmpbook.com/data/stackroom/6/668361.jpg
机器学习：贝叶斯和优化方法（英文版・原书第2版）,作者：[希]西格尔斯・西奥多里蒂斯（SergiosTheodoridis）著,978-7-111-66837-4,2020-11-12,299.00 ,http://cmpbook.com/data/stackroom/6/668371.jpg
离散数学及其应用（英文版・原书第8版）,作者：[美]肯尼思・H.罗森（KennethH.Rosen）著,978-7-111-64530-6,2019-12-27,139.00 ,http://cmpbook.com/data/stackroom/6/645301.jpg
离散数学及其应用（英文精编版・原书第8版）,作者：[美]肯尼思・H.罗森（KennethH.Rosen）著,978-7-111-64302-9,2019-12-13,99.00 ,http://cmpbook.com/data/stackroom/6/643021.jpg
大规模并行处理器程序设计（英文版・原书第3版）,作者：（美）大卫・B.柯克（DavidB.Kirk），（美）胡文美（Wen-meiW.Hwu）著,978-7-111-66836-7,2020-11-19,139.00 ,http://cmpbook.com/data/stackroom/6/668361.jpg
机器学习：贝叶斯和优化方法（英文版・原书第2版）,作者：[希]西格尔斯・西奥多里蒂斯（SergiosTheodoridis）著,978-7-111-66837-4,2020-11-12,299.00 ,http://cmpbook.com/data/stackroom/6/668371.jpg
离散数学及其应用（英文版・原书第8版）,作者：[美]肯尼思・H.罗森（KennethH.Rosen）著,978-7-111-64530-6,2019-12-27,139.00 ,http://cmpbook.com/data/stackroom/6/645301.jpg
离散数学及其应用（英文精编版・原书第8版）,作者：[美]肯尼思・H.罗森（KennethH.Rosen）著,978-7-111-64302-9,2019-12-13,99.00 ,http://cmpbook.com/data/stackroom/6/643021.jpg
具体数学：计算机科学基础（英文版・原书第2版）典藏版,作者：（美）葛立恒（RonaldL.Graham），（美）高德纳（DonaldE.Knuth），（美）奥伦・帕塔什尼克（OrenPatashnik）著,978-7-111-64195-7,2019-12-11,139.00 ,http://cmpbook.com/data/stackroom/6/641951.jpg
机器学习：贝叶斯和优化方法（英文版・原书第2版）,作者：[希]西格尔斯・西奥多里蒂斯（SergiosTheodoridis）著,978-7-111-66837-4,2020-11-12,299.00 ,http://cmpbook.com/data/stackroom/6/668371.jpg
离散数学及其应用（英文版・原书第8版）,作者：[美]肯尼思・H.罗森（KennethH.Rosen）著,978-7-111-64530-6,2019-12-27,139.00 ,http://cmpbook.com/data/stackroom/6/645301.jpg
离散数学及其应用（英文精编版・原书第8版）,作者：[美]肯尼思・H.罗森（KennethH.Rosen）著,978-7-111-64302-9,2019-12-13,99.00 ,http://cmpbook.com/data/stackroom/6/643021.jpg
具体数学：计算机科学基础（英文版・原书第2版）典藏版,作者：（美）葛立恒（RonaldL.Graham），（美）高德纳（DonaldE.Knuth），（美）奥伦・帕塔什尼克（OrenPatashnik）著,978-7-111-64195-7,2019-12-11,139.00 ,http://cmpbook.com/data/stackroom/6/641951.jpg
数据结构与算法分析―C语言描述（英文版・原书第2版）,作者：［美］马克・艾伦・维斯（MarkAllenWeiss）著,978-7-111-64008-0,2019-12-10,79.00 ,http://cmpbook.com/data/stackroom/6/640081.jpg
离散数学及其应用（英文版・原书第8版）,作者：[美]肯尼思・H.罗森（KennethH.Rosen）著,978-7-111-64530-6,2019-12-27,139.00 ,http://cmpbook.com/data/stackroom/6/645301.jpg
离散数学及其应用（英文精编版・原书第8版）,作者：[美]肯尼思・H.罗森（KennethH.Rosen）著,978-7-111-64302-9,2019-12-13,99.00 ,http://cmpbook.com/data/stackroom/6/643021.jpg
具体数学：计算机科学基础（英文版・原书第2版）典藏版,作者：（美）葛立恒（RonaldL.Graham），（美）高德纳（DonaldE.Knuth），（美）奥伦・帕塔什尼克（OrenPatashnik）著,978-7-111-64195-7,2019-12-11,139.00 ,http://cmpbook.com/data/stackroom/6/641951.jpg
数据结构与算法分析―C语言描述（英文版・原书第2版）,作者：［美］马克・艾伦・维斯（MarkAllenWeiss）著,978-7-111-64008-0,2019-12-10,79.00 ,http://cmpbook.com/data/stackroom/6/640081.jpg
数据挖掘导论（英文版・原书第2版）,作者：（美）陈封能等著,978-7-111-63788-2,2019-11-12,199.00 ,http://cmpbook.com/data/stackroom/6/637881.jpg
离散数学及其应用（英文精编版・原书第8版）,作者：[美]肯尼思・H.罗森（KennethH.Rosen）著,978-7-111-64302-9,2019-12-13,99.00 ,http://cmpbook.com/data/stackroom/6/643021.jpg
具体数学：计算机科学基础（英文版・原书第2版）典藏版,作者：（美）葛立恒（RonaldL.Graham），（美）高德纳（DonaldE.Knuth），（美）奥伦・帕塔什尼克（OrenPatashnik）著,978-7-111-64195-7,2019-12-11,139.00 ,http://cmpbook.com/data/stackroom/6/641951.jpg
数据结构与算法分析―C语言描述（英文版・原书第2版）,作者：［美］马克・艾伦・维斯（MarkAllenWeiss）著,978-7-111-64008-0,2019-12-10,79.00 ,http://cmpbook.com/data/stackroom/6/640081.jpg
数据挖掘导论（英文版・原书第2版）,作者：（美）陈封能等著,978-7-111-63788-2,2019-11-12,199.00 ,http://cmpbook.com/data/stackroom/6/637881.jpg
计算机文化（英文版・第20版）,作者：[美]琼・詹姆里奇・帕森斯（JuneJamrichParsons）著,978-7-111-63309-9,2019-08-07,119.00 ,http://cmpbook.com/data/stackroom/6/633091.jpg
具体数学：计算机科学基础（英文版・原书第2版）典藏版,作者：（美）葛立恒（RonaldL.Graham），（美）高德纳（DonaldE.Knuth），（美）奥伦・帕塔什尼克（OrenPatashnik）著,978-7-111-64195-7,2019-12-11,139.00 ,http://cmpbook.com/data/stackroom/6/641951.jpg
数据结构与算法分析―C语言描述（英文版・原书第2版）,作者：［美］马克・艾伦・维斯（MarkAllenWeiss）著,978-7-111-64008-0,2019-12-10,79.00 ,http://cmpbook.com/data/stackroom/6/640081.jpg
数据挖掘导论（英文版・原书第2版）,作者：（美）陈封能等著,978-7-111-63788-2,2019-11-12,199.00 ,http://cmpbook.com/data/stackroom/6/637881.jpg
计算机文化（英文版・第20版）,作者：[美]琼・詹姆里奇・帕森斯（JuneJamrichParsons）著,978-7-111-63309-9,2019-08-07,119.00 ,http://cmpbook.com/data/stackroom/6/633091.jpg
计算机组成与设计：硬件/软件接口（英文版・原书第5版・RISC-V版）,作者：[美]戴维・A.帕特森（DavidA.Patterson）约翰・L.亨尼斯（JohnL.Hennessy）著,978-7-111-63111-8,2019-07-17,229.00 ,http://cmpbook.com/data/stackroom/6/631111.jpg
数据结构与算法分析―C语言描述（英文版・原书第2版）,作者：［美］马克・艾伦・维斯（MarkAllenWeiss）著,978-7-111-64008-0,2019-12-10,79.00 ,http://cmpbook.com/data/stackroom/6/640081.jpg
数据挖掘导论（英文版・原书第2版）,作者：（美）陈封能等著,978-7-111-63788-2,2019-11-12,199.00 ,http://cmpbook.com/data/stackroom/6/637881.jpg
计算机文化（英文版・第20版）,作者：[美]琼・詹姆里奇・帕森斯（JuneJamrichParsons）著,978-7-111-63309-9,2019-08-07,119.00 ,http://cmpbook.com/data/stackroom/6/633091.jpg
计算机组成与设计：硬件/软件接口（英文版・原书第5版・RISC-V版）,作者：[美]戴维・A.帕特森（DavidA.Patterson）约翰・L.亨尼斯（JohnL.Hennessy）著,978-7-111-63111-8,2019-07-17,229.00 ,http://cmpbook.com/data/stackroom/6/631111.jpg
计算机体系结构：量化研究方法（英文版・原书第6版）,作者：[美]约翰L.亨尼斯（JohnL.Hennessy）戴维A.帕特森（DavidA.Patterson）著,978-7-111-63110-1,2019-07-17,269.00 ,http://cmpbook.com/data/stackroom/6/631101.jpg
数据挖掘导论（英文版・原书第2版）,作者：（美）陈封能等著,978-7-111-63788-2,2019-11-12,199.00 ,http://cmpbook.com/data/stackroom/6/637881.jpg
计算机文化（英文版・第20版）,作者：[美]琼・詹姆里奇・帕森斯（JuneJamrichParsons）著,978-7-111-63309-9,2019-08-07,119.00 ,http://cmpbook.com/data/stackroom/6/633091.jpg
计算机组成与设计：硬件/软件接口（英文版・原书第5版・RISC-V版）,作者：[美]戴维・A.帕特森（DavidA.Patterson）约翰・L.亨尼斯（JohnL.Hennessy）著,978-7-111-63111-8,2019-07-17,229.00 ,http://cmpbook.com/data/stackroom/6/631111.jpg
计算机体系结构：量化研究方法（英文版・原书第6版）,作者：[美]约翰L.亨尼斯（JohnL.Hennessy）戴维A.帕特森（DavidA.Patterson）著,978-7-111-63110-1,2019-07-17,269.00 ,http://cmpbook.com/data/stackroom/6/631101.jpg
计算机组成与体系结构：性能设计（英文版・原书第10版）,作者：[美]威廉・斯托林斯（WilliamStallings）著,978-7-111-63146-0,2019-07-17,229.00 ,http://cmpbook.com/data/stackroom/6/631461.jpg
计算机文化（英文版・第20版）,作者：[美]琼・詹姆里奇・帕森斯（JuneJamrichParsons）著,978-7-111-63309-9,2019-08-07,119.00 ,http://cmpbook.com/data/stackroom/6/633091.jpg
计算机组成与设计：硬件/软件接口（英文版・原书第5版・RISC-V版）,作者：[美]戴维・A.帕特森（DavidA.Patterson）约翰・L.亨尼斯（JohnL.Hennessy）著,978-7-111-63111-8,2019-07-17,229.00 ,http://cmpbook.com/data/stackroom/6/631111.jpg
计算机体系结构：量化研究方法（英文版・原书第6版）,作者：[美]约翰L.亨尼斯（JohnL.Hennessy）戴维A.帕特森（DavidA.Patterson）著,978-7-111-63110-1,2019-07-17,269.00 ,http://cmpbook.com/data/stackroom/6/631101.jpg
计算机组成与体系结构：性能设计（英文版・原书第10版）,作者：[美]威廉・斯托林斯（WilliamStallings）著,978-7-111-63146-0,2019-07-17,229.00 ,http://cmpbook.com/data/stackroom/6/631461.jpg
软件测试：原理与实践（英文版・第2版）,作者：（爱尔兰）斯蒂芬・布朗（StephenBrown）等著,978-7-111-62406-6,2019-04-19,69.00 ,http://cmpbook.com/data/stackroom/6/624061.jpg
计算机组成与设计：硬件/软件接口（英文版・原书第5版・RISC-V版）,作者：[美]戴维・A.帕特森（DavidA.Patterson）约翰・L.亨尼斯（JohnL.Hennessy）著,978-7-111-63111-8,2019-07-17,229.00 ,http://cmpbook.com/data/stackroom/6/631111.jpg
计算机体系结构：量化研究方法（英文版・原书第6版）,作者：[美]约翰L.亨尼斯（JohnL.Hennessy）戴维A.帕特森（DavidA.Patterson）著,978-7-111-63110-1,2019-07-17,269.00 ,http://cmpbook.com/data/stackroom/6/631101.jpg
计算机组成与体系结构：性能设计（英文版・原书第10版）,作者：[美]威廉・斯托林斯（WilliamStallings）著,978-7-111-63146-0,2019-07-17,229.00 ,http://cmpbook.com/data/stackroom/6/631461.jpg
软件测试：原理与实践（英文版・第2版）,作者：（爱尔兰）斯蒂芬・布朗（StephenBrown）等著,978-7-111-62406-6,2019-04-19,69.00 ,http://cmpbook.com/data/stackroom/6/624061.jpg
计算机安全：原理与实践（英文版・原书第4版）,作者：[美]威廉・斯托林斯（WilliamStallings）[澳]劳里・布朗（LawrieBrown）著,978-7-111-62228-4,2019-03-28,139.00 ,http://cmpbook.com/data/stackroom/6/622281.jpg
计算机体系结构：量化研究方法（英文版・原书第6版）,作者：[美]约翰L.亨尼斯（JohnL.Hennessy）戴维A.帕特森（DavidA.Patterson）著,978-7-111-63110-1,2019-07-17,269.00 ,http://cmpbook.com/data/stackroom/6/631101.jpg
计算机组成与体系结构：性能设计（英文版・原书第10版）,作者：[美]威廉・斯托林斯（WilliamStallings）著,978-7-111-63146-0,2019-07-17,229.00 ,http://cmpbook.com/data/stackroom/6/631461.jpg
软件测试：原理与实践（英文版・第2版）,作者：（爱尔兰）斯蒂芬・布朗（StephenBrown）等著,978-7-111-62406-6,2019-04-19,69.00 ,http://cmpbook.com/data/stackroom/6/624061.jpg
计算机安全：原理与实践（英文版・原书第4版）,作者：[美]威廉・斯托林斯（WilliamStallings）[澳]劳里・布朗（LawrieBrown）著,978-7-111-62228-4,2019-03-28,139.00 ,http://cmpbook.com/data/stackroom/6/622281.jpg
C# 7.0本质论（英文版）,作者：[美]马克・米凯利斯（MarkMichaelis）著,978-7-111-61898-0,2019-03-01,169.00 ,http://cmpbook.com/data/stackroom/6/618981.jpg
计算机组成与体系结构：性能设计（英文版・原书第10版）,作者：[美]威廉・斯托林斯（WilliamStallings）著,978-7-111-63146-0,2019-07-17,229.00 ,http://cmpbook.com/data/stackroom/6/631461.jpg
软件测试：原理与实践（英文版・第2版）,作者：（爱尔兰）斯蒂芬・布朗（StephenBrown）等著,978-7-111-62406-6,2019-04-19,69.00 ,http://cmpbook.com/data/stackroom/6/624061.jpg
计算机安全：原理与实践（英文版・原书第4版）,作者：[美]威廉・斯托林斯（WilliamStallings）[澳]劳里・布朗（LawrieBrown）著,978-7-111-62228-4,2019-03-28,139.00 ,http://cmpbook.com/data/stackroom/6/622281.jpg
C# 7.0本质论（英文版）,作者：[美]马克・米凯利斯（MarkMichaelis）著,978-7-111-61898-0,2019-03-01,169.00 ,http://cmpbook.com/data/stackroom/6/618981.jpg
Spark数据分析：基于Python语言（英文版）,作者：[澳]杰夫瑞・艾文（JeffreyAven）著,978-7-111-62003-7,2019-03-01,79.00 ,http://cmpbook.com/data/stackroom/6/620031.jpg
软件测试：原理与实践（英文版・第2版）,作者：（爱尔兰）斯蒂芬・布朗（StephenBrown）等著,978-7-111-62406-6,2019-04-19,69.00 ,http://cmpbook.com/data/stackroom/6/624061.jpg
计算机安全：原理与实践（英文版・原书第4版）,作者：[美]威廉・斯托林斯（WilliamStallings）[澳]劳里・布朗（LawrieBrown）著,978-7-111-62228-4,2019-03-28,139.00 ,http://cmpbook.com/data/stackroom/6/622281.jpg
C# 7.0本质论（英文版）,作者：[美]马克・米凯利斯（MarkMichaelis）著,978-7-111-61898-0,2019-03-01,169.00 ,http://cmpbook.com/data/stackroom/6/618981.jpg
Spark数据分析：基于Python语言（英文版）,作者：[澳]杰夫瑞・艾文（JeffreyAven）著,978-7-111-62003-7,2019-03-01,79.00 ,http://cmpbook.com/data/stackroom/6/620031.jpg
C++语言导学（英文版・第2版）,作者：[美]本贾尼・斯特劳斯特鲁普（BjarneStroustrup）著,978-7-111-61564-4,2018-12-27,79.00 ,http://cmpbook.com/data/stackroom/6/615641.jpg
计算机安全：原理与实践（英文版・原书第4版）,作者：[美]威廉・斯托林斯（WilliamStallings）[澳]劳里・布朗（LawrieBrown）著,978-7-111-62228-4,2019-03-28,139.00 ,http://cmpbook.com/data/stackroom/6/622281.jpg
C# 7.0本质论（英文版）,作者：[美]马克・米凯利斯（MarkMichaelis）著,978-7-111-61898-0,2019-03-01,169.00 ,http://cmpbook.com/data/stackroom/6/618981.jpg
Spark数据分析：基于Python语言（英文版）,作者：[澳]杰夫瑞・艾文（JeffreyAven）著,978-7-111-62003-7,2019-03-01,79.00 ,http://cmpbook.com/data/stackroom/6/620031.jpg
C++语言导学（英文版・第2版）,作者：[美]本贾尼・斯特劳斯特鲁普（BjarneStroustrup）著,978-7-111-61564-4,2018-12-27,79.00 ,http://cmpbook.com/data/stackroom/6/615641.jpg
商务智能：数据分析的管理视角（英文版・第4版）,作者：[美]拉姆什・沙尔达（RameshSharda)杜尔森・德伦（DursunDelen)埃弗瑞姆・特班（EfraimTurban）著,978-7-111-60785-4,2018-09-05,109.00 ,http://cmpbook.com/data/stackroom/6/607851.jpg
C# 7.0本质论（英文版）,作者：[美]马克・米凯利斯（MarkMichaelis）著,978-7-111-61898-0,2019-03-01,169.00 ,http://cmpbook.com/data/stackroom/6/618981.jpg
Spark数据分析：基于Python语言（英文版）,作者：[澳]杰夫瑞・艾文（JeffreyAven）著,978-7-111-62003-7,2019-03-01,79.00 ,http://cmpbook.com/data/stackroom/6/620031.jpg
C++语言导学（英文版・第2版）,作者：[美]本贾尼・斯特劳斯特鲁普（BjarneStroustrup）著,978-7-111-61564-4,2018-12-27,79.00 ,http://cmpbook.com/data/stackroom/6/615641.jpg
商务智能：数据分析的管理视角（英文版・第4版）,作者：[美]拉姆什・沙尔达（RameshSharda)杜尔森・德伦（DursunDelen)埃弗瑞姆・特班（EfraimTurban）著,978-7-111-60785-4,2018-09-05,109.00 ,http://cmpbook.com/data/stackroom/6/607851.jpg
计算理论导引（英文版・第3版）,作者：（美）迈克尔・西普塞（MichaelSipser）著,978-7-111-60205-7,2018-07-10,89.00 ,http://cmpbook.com/data/stackroom/6/602051.jpg
Spark数据分析：基于Python语言（英文版）,作者：[澳]杰夫瑞・艾文（JeffreyAven）著,978-7-111-62003-7,2019-03-01,79.00 ,http://cmpbook.com/data/stackroom/6/620031.jpg
C++语言导学（英文版・第2版）,作者：[美]本贾尼・斯特劳斯特鲁普（BjarneStroustrup）著,978-7-111-61564-4,2018-12-27,79.00 ,http://cmpbook.com/data/stackroom/6/615641.jpg
商务智能：数据分析的管理视角（英文版・第4版）,作者：[美]拉姆什・沙尔达（RameshSharda)杜尔森・德伦（DursunDelen)埃弗瑞姆・特班（EfraimTurban）著,978-7-111-60785-4,2018-09-05,109.00 ,http://cmpbook.com/data/stackroom/6/607851.jpg
计算理论导引（英文版・第3版）,作者：（美）迈克尔・西普塞（MichaelSipser）著,978-7-111-60205-7,2018-07-10,89.00 ,http://cmpbook.com/data/stackroom/6/602051.jpg
程序设计基础：跨学科方法（Java语言描述・英文版）,作者：（美）罗伯特・塞奇威克（RobertSedgewick）凯文・韦恩（KevinWayne）著,978-7-111-59908-1,2018-06-06,99.00 ,http://cmpbook.com/data/stackroom/5/599081.jpg
C++语言导学（英文版・第2版）,作者：[美]本贾尼・斯特劳斯特鲁普（BjarneStroustrup）著,978-7-111-61564-4,2018-12-27,79.00 ,http://cmpbook.com/data/stackroom/6/615641.jpg
商务智能：数据分析的管理视角（英文版・第4版）,作者：[美]拉姆什・沙尔达（RameshSharda)杜尔森・德伦（DursunDelen)埃弗瑞姆・特班（EfraimTurban）著,978-7-111-60785-4,2018-09-05,109.00 ,http://cmpbook.com/data/stackroom/6/607851.jpg
计算理论导引（英文版・第3版）,作者：（美）迈克尔・西普塞（MichaelSipser）著,978-7-111-60205-7,2018-07-10,89.00 ,http://cmpbook.com/data/stackroom/6/602051.jpg
程序设计基础：跨学科方法（Java语言描述・英文版）,作者：（美）罗伯特・塞奇威克（RobertSedgewick）凯文・韦恩（KevinWayne）著,978-7-111-59908-1,2018-06-06,99.00 ,http://cmpbook.com/data/stackroom/5/599081.jpg
增强现实：原理与实践（英文版）,作者：[奥]迪特尔・施马尔斯蒂格（DieterSchmalstieg）[美]托比亚斯霍勒尔（TobiasHllerer）著,978-7-111-59910-4,2018-06-05,99.00 ,http://cmpbook.com/data/stackroom/5/599101.jpg
商务智能：数据分析的管理视角（英文版・第4版）,作者：[美]拉姆什・沙尔达（RameshSharda)杜尔森・德伦（DursunDelen)埃弗瑞姆・特班（EfraimTurban）著,978-7-111-60785-4,2018-09-05,109.00 ,http://cmpbook.com/data/stackroom/6/607851.jpg
计算理论导引（英文版・第3版）,作者：（美）迈克尔・西普塞（MichaelSipser）著,978-7-111-60205-7,2018-07-10,89.00 ,http://cmpbook.com/data/stackroom/6/602051.jpg
程序设计基础：跨学科方法（Java语言描述・英文版）,作者：（美）罗伯特・塞奇威克（RobertSedgewick）凯文・韦恩（KevinWayne）著,978-7-111-59908-1,2018-06-06,99.00 ,http://cmpbook.com/data/stackroom/5/599081.jpg
增强现实：原理与实践（英文版）,作者：[奥]迪特尔・施马尔斯蒂格（DieterSchmalstieg）[美]托比亚斯霍勒尔（TobiasHllerer）著,978-7-111-59910-4,2018-06-05,99.00 ,http://cmpbook.com/data/stackroom/5/599101.jpg
信息物理系统应用与原理（英文版）,作者：[印度]拉杰・拉杰库马尔（RajRajkumar）[美]迪奥尼西奥・德・尼茨（DionisiodeNiz）著,978-7-111-59598-4,2018-04-20,89.00 ,http://cmpbook.com/data/stackroom/5/595981.jpg
计算理论导引（英文版・第3版）,作者：（美）迈克尔・西普塞（MichaelSipser）著,978-7-111-60205-7,2018-07-10,89.00 ,http://cmpbook.com/data/stackroom/6/602051.jpg
程序设计基础：跨学科方法（Java语言描述・英文版）,作者：（美）罗伯特・塞奇威克（RobertSedgewick）凯文・韦恩（KevinWayne）著,978-7-111-59908-1,2018-06-06,99.00 ,http://cmpbook.com/data/stackroom/5/599081.jpg
增强现实：原理与实践（英文版）,作者：[奥]迪特尔・施马尔斯蒂格（DieterSchmalstieg）[美]托比亚斯霍勒尔（TobiasHllerer）著,978-7-111-59910-4,2018-06-05,99.00 ,http://cmpbook.com/data/stackroom/5/599101.jpg
信息物理系统应用与原理（英文版）,作者：[印度]拉杰・拉杰库马尔（RajRajkumar）[美]迪奥尼西奥・德・尼茨（DionisiodeNiz）著,978-7-111-59598-4,2018-04-20,89.00 ,http://cmpbook.com/data/stackroom/5/595981.jpg
统计机器学习导论（英文版）,作者：[日]杉山将（MasashiSugiyama）著,978-7-111-58678-4,2017-12-28,119.00 ,http://cmpbook.com/data/stackroom/5/586781.jpg
程序设计基础：跨学科方法（Java语言描述・英文版）,作者：（美）罗伯特・塞奇威克（RobertSedgewick）凯文・韦恩（KevinWayne）著,978-7-111-59908-1,2018-06-06,99.00 ,http://cmpbook.com/data/stackroom/5/599081.jpg
增强现实：原理与实践（英文版）,作者：[奥]迪特尔・施马尔斯蒂格（DieterSchmalstieg）[美]托比亚斯霍勒尔（TobiasHllerer）著,978-7-111-59910-4,2018-06-05,99.00 ,http://cmpbook.com/data/stackroom/5/599101.jpg
信息物理系统应用与原理（英文版）,作者：[印度]拉杰・拉杰库马尔（RajRajkumar）[美]迪奥尼西奥・德・尼茨（DionisiodeNiz）著,978-7-111-59598-4,2018-04-20,89.00 ,http://cmpbook.com/data/stackroom/5/595981.jpg
统计机器学习导论（英文版）,作者：[日]杉山将（MasashiSugiyama）著,978-7-111-58678-4,2017-12-28,119.00 ,http://cmpbook.com/data/stackroom/5/586781.jpg
数字设计和计算机体系结构（英文版 ・第 2版 ・ ARM版）,作者：[美]莎拉L.哈里斯（SarahL.Harris）著,978-7-111-58679-1,2017-12-28,129.00 ,http://cmpbook.com/data/stackroom/5/586791.jpg
增强现实：原理与实践（英文版）,作者：[奥]迪特尔・施马尔斯蒂格（DieterSchmalstieg）[美]托比亚斯霍勒尔（TobiasHllerer）著,978-7-111-59910-4,2018-06-05,99.00 ,http://cmpbook.com/data/stackroom/5/599101.jpg
信息物理系统应用与原理（英文版）,作者：[印度]拉杰・拉杰库马尔（RajRajkumar）[美]迪奥尼西奥・德・尼茨（DionisiodeNiz）著,978-7-111-59598-4,2018-04-20,89.00 ,http://cmpbook.com/data/stackroom/5/595981.jpg
统计机器学习导论（英文版）,作者：[日]杉山将（MasashiSugiyama）著,978-7-111-58678-4,2017-12-28,119.00 ,http://cmpbook.com/data/stackroom/5/586781.jpg
数字设计和计算机体系结构（英文版 ・第 2版 ・ ARM版）,作者：[美]莎拉L.哈里斯（SarahL.Harris）著,978-7-111-58679-1,2017-12-28,129.00 ,http://cmpbook.com/data/stackroom/5/586791.jpg
机器人学导论（英文版・第4版）,作者：[美]约翰J.克雷格（JohnJ.Craig）著,978-7-111-58672-2,2017-12-28,99.00 ,http://cmpbook.com/data/stackroom/5/586721.jpg
信息物理系统应用与原理（英文版）,作者：[印度]拉杰・拉杰库马尔（RajRajkumar）[美]迪奥尼西奥・德・尼茨（DionisiodeNiz）著,978-7-111-59598-4,2018-04-20,89.00 ,http://cmpbook.com/data/stackroom/5/595981.jpg
统计机器学习导论（英文版）,作者：[日]杉山将（MasashiSugiyama）著,978-7-111-58678-4,2017-12-28,119.00 ,http://cmpbook.com/data/stackroom/5/586781.jpg
数字设计和计算机体系结构（英文版 ・第 2版 ・ ARM版）,作者：[美]莎拉L.哈里斯（SarahL.Harris）著,978-7-111-58679-1,2017-12-28,129.00 ,http://cmpbook.com/data/stackroom/5/586791.jpg
机器人学导论（英文版・第4版）,作者：[美]约翰J.克雷格（JohnJ.Craig）著,978-7-111-58672-2,2017-12-28,99.00 ,http://cmpbook.com/data/stackroom/5/586721.jpg
计算机科学引论（2017英文精编版）,作者：[美]蒂莫西J.奥利里（TimothyJ.O'Leary）琳达I.奥利里（LindaI.O'Leary）著,978-7-111-58526-8,2017-12-11,55.00 ,http://cmpbook.com/data/stackroom/5/585261.jpg
统计机器学习导论（英文版）,作者：[日]杉山将（MasashiSugiyama）著,978-7-111-58678-4,2017-12-28,119.00 ,http://cmpbook.com/data/stackroom/5/586781.jpg
数字设计和计算机体系结构（英文版 ・第 2版 ・ ARM版）,作者：[美]莎拉L.哈里斯（SarahL.Harris）著,978-7-111-58679-1,2017-12-28,129.00 ,http://cmpbook.com/data/stackroom/5/586791.jpg
机器人学导论（英文版・第4版）,作者：[美]约翰J.克雷格（JohnJ.Craig）著,978-7-111-58672-2,2017-12-28,99.00 ,http://cmpbook.com/data/stackroom/5/586721.jpg
计算机科学引论（2017英文精编版）,作者：[美]蒂莫西J.奥利里（TimothyJ.O'Leary）琳达I.奥利里（LindaI.O'Leary）著,978-7-111-58526-8,2017-12-11,55.00 ,http://cmpbook.com/data/stackroom/5/585261.jpg
现代操作系统（英文版・第4版）,作者：（荷）安德鲁S.塔嫩鲍姆（AndrewS.Tanenbaum）赫伯特・博斯（HerbertBos）著,978-7-111-58165-9,2017-10-31,139.00 ,http://cmpbook.com/data/stackroom/5/581651.jpg
数字设计和计算机体系结构（英文版 ・第 2版 ・ ARM版）,作者：[美]莎拉L.哈里斯（SarahL.Harris）著,978-7-111-58679-1,2017-12-28,129.00 ,http://cmpbook.com/data/stackroom/5/586791.jpg
机器人学导论（英文版・第4版）,作者：[美]约翰J.克雷格（JohnJ.Craig）著,978-7-111-58672-2,2017-12-28,99.00 ,http://cmpbook.com/data/stackroom/5/586721.jpg
计算机科学引论（2017英文精编版）,作者：[美]蒂莫西J.奥利里（TimothyJ.O'Leary）琳达I.奥利里（LindaI.O'Leary）著,978-7-111-58526-8,2017-12-11,55.00 ,http://cmpbook.com/data/stackroom/5/585261.jpg
现代操作系统（英文版・第4版）,作者：（荷）安德鲁S.塔嫩鲍姆（AndrewS.Tanenbaum）赫伯特・博斯（HerbertBos）著,978-7-111-58165-9,2017-10-31,139.00 ,http://cmpbook.com/data/stackroom/5/581651.jpg
现代操作系统（英文版・第4版）,作者：（荷）安德鲁S.塔嫩鲍姆（AndrewS.Tanenbaum）赫伯特・博斯（HerbertBos）著,978-7-111-58165-9,2017-10-20,139.00 ,http://cmpbook.com/data/stackroom/5/581651.jpg
机器人学导论（英文版・第4版）,作者：[美]约翰J.克雷格（JohnJ.Craig）著,978-7-111-58672-2,2017-12-28,99.00 ,http://cmpbook.com/data/stackroom/5/586721.jpg
计算机科学引论（2017英文精编版）,作者：[美]蒂莫西J.奥利里（TimothyJ.O'Leary）琳达I.奥利里（LindaI.O'Leary）著,978-7-111-58526-8,2017-12-11,55.00 ,http://cmpbook.com/data/stackroom/5/585261.jpg
现代操作系统（英文版・第4版）,作者：（荷）安德鲁S.塔嫩鲍姆（AndrewS.Tanenbaum）赫伯特・博斯（HerbertBos）著,978-7-111-58165-9,2017-10-31,139.00 ,http://cmpbook.com/data/stackroom/5/581651.jpg
现代操作系统（英文版・第4版）,作者：（荷）安德鲁S.塔嫩鲍姆（AndrewS.Tanenbaum）赫伯特・博斯（HerbertBos）著,978-7-111-58165-9,2017-10-20,139.00 ,http://cmpbook.com/data/stackroom/5/581651.jpg
软件工程（英文版・第10版）,作者：[英]伊恩・萨默维尔（IanSommerville）著,978-7-111-58096-6,2017-10-19,129.00 ,http://cmpbook.com/data/stackroom/5/580961.jpg
计算机科学引论（2017英文精编版）,作者：[美]蒂莫西J.奥利里（TimothyJ.O'Leary）琳达I.奥利里（LindaI.O'Leary）著,978-7-111-58526-8,2017-12-11,55.00 ,http://cmpbook.com/data/stackroom/5/585261.jpg
现代操作系统（英文版・第4版）,作者：（荷）安德鲁S.塔嫩鲍姆（AndrewS.Tanenbaum）赫伯特・博斯（HerbertBos）著,978-7-111-58165-9,2017-10-31,139.00 ,http://cmpbook.com/data/stackroom/5/581651.jpg
现代操作系统（英文版・第4版）,作者：（荷）安德鲁S.塔嫩鲍姆（AndrewS.Tanenbaum）赫伯特・博斯（HerbertBos）著,978-7-111-58165-9,2017-10-20,139.00 ,http://cmpbook.com/data/stackroom/5/581651.jpg
软件工程（英文版・第10版）,作者：[英]伊恩・萨默维尔（IanSommerville）著,978-7-111-58096-6,2017-10-19,129.00 ,http://cmpbook.com/data/stackroom/5/580961.jpg
离散数学及其在计算机科学中的应用（英文版）,作者：[美]克利福德・斯坦（CliffordStein）罗伯特L.戴斯得尔（RobertL.Drysdale）著,978-7-111-58097-3,2017-10-18,99.00 ,http://cmpbook.com/data/stackroom/5/580971.jpg
现代操作系统（英文版・第4版）,作者：（荷）安德鲁S.塔嫩鲍姆（AndrewS.Tanenbaum）赫伯特・博斯（HerbertBos）著,978-7-111-58165-9,2017-10-31,139.00 ,http://cmpbook.com/data/stackroom/5/581651.jpg
现代操作系统（英文版・第4版）,作者：（荷）安德鲁S.塔嫩鲍姆（AndrewS.Tanenbaum）赫伯特・博斯（HerbertBos）著,978-7-111-58165-9,2017-10-20,139.00 ,http://cmpbook.com/data/stackroom/5/581651.jpg
软件工程（英文版・第10版）,作者：[英]伊恩・萨默维尔（IanSommerville）著,978-7-111-58096-6,2017-10-19,129.00 ,http://cmpbook.com/data/stackroom/5/580961.jpg
离散数学及其在计算机科学中的应用（英文版）,作者：[美]克利福德・斯坦（CliffordStein）罗伯特L.戴斯得尔（RobertL.Drysdale）著,978-7-111-58097-3,2017-10-18,99.00 ,http://cmpbook.com/data/stackroom/5/580971.jpg
大数据导论（英文版）,作者：[美]托马斯・埃尔（ThomasErl）瓦吉德・哈塔克（WajidKhattak）著,978-7-111-58098-0,2017-10-18,59.00 ,http://cmpbook.com/data/stackroom/5/580981.jpg
现代操作系统（英文版・第4版）,作者：（荷）安德鲁S.塔嫩鲍姆（AndrewS.Tanenbaum）赫伯特・博斯（HerbertBos）著,978-7-111-58165-9,2017-10-20,139.00 ,http://cmpbook.com/data/stackroom/5/581651.jpg
软件工程（英文版・第10版）,作者：[英]伊恩・萨默维尔（IanSommerville）著,978-7-111-58096-6,2017-10-19,129.00 ,http://cmpbook.com/data/stackroom/5/580961.jpg
离散数学及其在计算机科学中的应用（英文版）,作者：[美]克利福德・斯坦（CliffordStein）罗伯特L.戴斯得尔（RobertL.Drysdale）著,978-7-111-58097-3,2017-10-18,99.00 ,http://cmpbook.com/data/stackroom/5/580971.jpg
大数据导论（英文版）,作者：[美]托马斯・埃尔（ThomasErl）瓦吉德・哈塔克（WajidKhattak）著,978-7-111-58098-0,2017-10-18,59.00 ,http://cmpbook.com/data/stackroom/5/580981.jpg
财务管理精要（英文版・原书第3版）,作者：[美]尤金F.布里格姆（EugeneF.Brigham）乔尔F.休斯敦（JoelF.Houston）著,978-7-111-57936-6,2017-09-25,129.00 ,http://cmpbook.com/data/stackroom/5/579361.jpg
软件工程（英文版・第10版）,作者：[英]伊恩・萨默维尔（IanSommerville）著,978-7-111-58096-6,2017-10-19,129.00 ,http://cmpbook.com/data/stackroom/5/580961.jpg
离散数学及其在计算机科学中的应用（英文版）,作者：[美]克利福德・斯坦（CliffordStein）罗伯特L.戴斯得尔（RobertL.Drysdale）著,978-7-111-58097-3,2017-10-18,99.00 ,http://cmpbook.com/data/stackroom/5/580971.jpg
大数据导论（英文版）,作者：[美]托马斯・埃尔（ThomasErl）瓦吉德・哈塔克（WajidKhattak）著,978-7-111-58098-0,2017-10-18,59.00 ,http://cmpbook.com/data/stackroom/5/580981.jpg
财务管理精要（英文版・原书第3版）,作者：[美]尤金F.布里格姆（EugeneF.Brigham）乔尔F.休斯敦（JoelF.Houston）著,978-7-111-57936-6,2017-09-25,129.00 ,http://cmpbook.com/data/stackroom/5/579361.jpg
Java语言程序设计（基础篇）（英文版・第10版）,作者：[美]梁勇（Y.DanielLiang）著,978-7-111-57169-8,2017-06-27,99.00 ,http://cmpbook.com/data/stackroom/5/571691.jpg
离散数学及其在计算机科学中的应用（英文版）,作者：[美]克利福德・斯坦（CliffordStein）罗伯特L.戴斯得尔（RobertL.Drysdale）著,978-7-111-58097-3,2017-10-18,99.00 ,http://cmpbook.com/data/stackroom/5/580971.jpg
大数据导论（英文版）,作者：[美]托马斯・埃尔（ThomasErl）瓦吉德・哈塔克（WajidKhattak）著,978-7-111-58098-0,2017-10-18,59.00 ,http://cmpbook.com/data/stackroom/5/580981.jpg
财务管理精要（英文版・原书第3版）,作者：[美]尤金F.布里格姆（EugeneF.Brigham）乔尔F.休斯敦（JoelF.Houston）著,978-7-111-57936-6,2017-09-25,129.00 ,http://cmpbook.com/data/stackroom/5/579361.jpg
Java语言程序设计（基础篇）（英文版・第10版）,作者：[美]梁勇（Y.DanielLiang）著,978-7-111-57169-8,2017-06-27,99.00 ,http://cmpbook.com/data/stackroom/5/571691.jpg
Java语言程序设计（进阶篇）（英文版・第10版）,作者：[美]梁勇（Y.DanielLiang）著,978-7-111-57168-1,2017-06-27,99.00 ,http://cmpbook.com/data/stackroom/5/571681.jpg
大数据导论（英文版）,作者：[美]托马斯・埃尔（ThomasErl）瓦吉德・哈塔克（WajidKhattak）著,978-7-111-58098-0,2017-10-18,59.00 ,http://cmpbook.com/data/stackroom/5/580981.jpg
财务管理精要（英文版・原书第3版）,作者：[美]尤金F.布里格姆（EugeneF.Brigham）乔尔F.休斯敦（JoelF.Houston）著,978-7-111-57936-6,2017-09-25,129.00 ,http://cmpbook.com/data/stackroom/5/579361.jpg
Java语言程序设计（基础篇）（英文版・第10版）,作者：[美]梁勇（Y.DanielLiang）著,978-7-111-57169-8,2017-06-27,99.00 ,http://cmpbook.com/data/stackroom/5/571691.jpg
Java语言程序设计（进阶篇）（英文版・第10版）,作者：[美]梁勇（Y.DanielLiang）著,978-7-111-57168-1,2017-06-27,99.00 ,http://cmpbook.com/data/stackroom/5/571681.jpg
机器学习：贝叶斯和优化方法（英文版）,作者：[希]西格尔斯.西奥多里蒂斯（SergiosTheodoridis）著,978-7-111-56526-0,2017-06-06,269.00 ,http://cmpbook.com/data/stackroom/5/565261.jpg
财务管理精要（英文版・原书第3版）,作者：[美]尤金F.布里格姆（EugeneF.Brigham）乔尔F.休斯敦（JoelF.Houston）著,978-7-111-57936-6,2017-09-25,129.00 ,http://cmpbook.com/data/stackroom/5/579361.jpg
Java语言程序设计（基础篇）（英文版・第10版）,作者：[美]梁勇（Y.DanielLiang）著,978-7-111-57169-8,2017-06-27,99.00 ,http://cmpbook.com/data/stackroom/5/571691.jpg
Java语言程序设计（进阶篇）（英文版・第10版）,作者：[美]梁勇（Y.DanielLiang）著,978-7-111-57168-1,2017-06-27,99.00 ,http://cmpbook.com/data/stackroom/5/571681.jpg
机器学习：贝叶斯和优化方法（英文版）,作者：[希]西格尔斯.西奥多里蒂斯（SergiosTheodoridis）著,978-7-111-56526-0,2017-06-06,269.00 ,http://cmpbook.com/data/stackroom/5/565261.jpg
ARM嵌入式系统编程与优化（英文版）,作者：[希]西格尔斯.西奥多里蒂斯（SergiosTheodoridis）著,978-7-111-56528-4,2017-05-19,79.00 ,http://cmpbook.com/data/stackroom/5/565281.jpg
Java语言程序设计（基础篇）（英文版・第10版）,作者：[美]梁勇（Y.DanielLiang）著,978-7-111-57169-8,2017-06-27,99.00 ,http://cmpbook.com/data/stackroom/5/571691.jpg
Java语言程序设计（进阶篇）（英文版・第10版）,作者：[美]梁勇（Y.DanielLiang）著,978-7-111-57168-1,2017-06-27,99.00 ,http://cmpbook.com/data/stackroom/5/571681.jpg
机器学习：贝叶斯和优化方法（英文版）,作者：[希]西格尔斯.西奥多里蒂斯（SergiosTheodoridis）著,978-7-111-56526-0,2017-06-06,269.00 ,http://cmpbook.com/data/stackroom/5/565261.jpg
ARM嵌入式系统编程与优化（英文版）,作者：[希]西格尔斯.西奥多里蒂斯（SergiosTheodoridis）著,978-7-111-56528-4,2017-05-19,79.00 ,http://cmpbook.com/data/stackroom/5/565281.jpg
数据挖掘：实用机器学习工具与技术（英文版 ・第 4版）,作者：（美）埃里克S.罗伯茨（EricS.Roberts）,978-7-111-56527-7,2017-05-19,129.00 ,http://cmpbook.com/data/stackroom/5/565271.jpg
Java语言程序设计（进阶篇）（英文版・第10版）,作者：[美]梁勇（Y.DanielLiang）著,978-7-111-57168-1,2017-06-27,99.00 ,http://cmpbook.com/data/stackroom/5/571681.jpg
机器学习：贝叶斯和优化方法（英文版）,作者：[希]西格尔斯.西奥多里蒂斯（SergiosTheodoridis）著,978-7-111-56526-0,2017-06-06,269.00 ,http://cmpbook.com/data/stackroom/5/565261.jpg
ARM嵌入式系统编程与优化（英文版）,作者：[希]西格尔斯.西奥多里蒂斯（SergiosTheodoridis）著,978-7-111-56528-4,2017-05-19,79.00 ,http://cmpbook.com/data/stackroom/5/565281.jpg
数据挖掘：实用机器学习工具与技术（英文版 ・第 4版）,作者：（美）埃里克S.罗伯茨（EricS.Roberts）,978-7-111-56527-7,2017-05-19,129.00 ,http://cmpbook.com/data/stackroom/5/565271.jpg
C++程序设计：基础、编程抽象与算法策略（英文版）,作者：[美]埃里克S.罗伯茨（EricS.Roberts）著,978-7-111-56149-1,2017-05-02,139.00 ,http://cmpbook.com/data/stackroom/5/561491.jpg
机器学习：贝叶斯和优化方法（英文版）,作者：[希]西格尔斯.西奥多里蒂斯（SergiosTheodoridis）著,978-7-111-56526-0,2017-06-06,269.00 ,http://cmpbook.com/data/stackroom/5/565261.jpg
ARM嵌入式系统编程与优化（英文版）,作者：[希]西格尔斯.西奥多里蒂斯（SergiosTheodoridis）著,978-7-111-56528-4,2017-05-19,79.00 ,http://cmpbook.com/data/stackroom/5/565281.jpg
数据挖掘：实用机器学习工具与技术（英文版 ・第 4版）,作者：（美）埃里克S.罗伯茨（EricS.Roberts）,978-7-111-56527-7,2017-05-19,129.00 ,http://cmpbook.com/data/stackroom/5/565271.jpg
C++程序设计：基础、编程抽象与算法策略（英文版）,作者：[美]埃里克S.罗伯茨（EricS.Roberts）著,978-7-111-56149-1,2017-05-02,139.00 ,http://cmpbook.com/data/stackroom/5/561491.jpg
深入理解计算机系统（英文版・第3版）,作者：[美]兰德尔E.布莱恩特（RandalE.Bryant）大卫R.奥哈拉伦（DavidR.O'Hallaron）著,978-7-111-56127-9,2017-04-13,239.00 ,http://cmpbook.com/data/stackroom/5/561271.jpg
ARM嵌入式系统编程与优化（英文版）,作者：[希]西格尔斯.西奥多里蒂斯（SergiosTheodoridis）著,978-7-111-56528-4,2017-05-19,79.00 ,http://cmpbook.com/data/stackroom/5/565281.jpg
数据挖掘：实用机器学习工具与技术（英文版 ・第 4版）,作者：（美）埃里克S.罗伯茨（EricS.Roberts）,978-7-111-56527-7,2017-05-19,129.00 ,http://cmpbook.com/data/stackroom/5/565271.jpg
C++程序设计：基础、编程抽象与算法策略（英文版）,作者：[美]埃里克S.罗伯茨（EricS.Roberts）著,978-7-111-56149-1,2017-05-02,139.00 ,http://cmpbook.com/data/stackroom/5/561491.jpg
深入理解计算机系统（英文版・第3版）,作者：[美]兰德尔E.布莱恩特（RandalE.Bryant）大卫R.奥哈拉伦（DavidR.O'Hallaron）著,978-7-111-56127-9,2017-04-13,239.00 ,http://cmpbook.com/data/stackroom/5/561271.jpg
离散数学及其应用（英文精编版・第7版）,作者：[美]肯尼思H.罗森（KennethH.Rosen）著,978-7-111-55536-0,2017-02-13,79.00 ,http://cmpbook.com/data/stackroom/5/555361.jpg
数据挖掘：实用机器学习工具与技术（英文版 ・第 4版）,作者：（美）埃里克S.罗伯茨（EricS.Roberts）,978-7-111-56527-7,2017-05-19,129.00 ,http://cmpbook.com/data/stackroom/5/565271.jpg
C++程序设计：基础、编程抽象与算法策略（英文版）,作者：[美]埃里克S.罗伯茨（EricS.Roberts）著,978-7-111-56149-1,2017-05-02,139.00 ,http://cmpbook.com/data/stackroom/5/561491.jpg
深入理解计算机系统（英文版・第3版）,作者：[美]兰德尔E.布莱恩特（RandalE.Bryant）大卫R.奥哈拉伦（DavidR.O'Hallaron）著,978-7-111-56127-9,2017-04-13,239.00 ,http://cmpbook.com/data/stackroom/5/561271.jpg
离散数学及其应用（英文精编版・第7版）,作者：[美]肯尼思H.罗森（KennethH.Rosen）著,978-7-111-55536-0,2017-02-13,79.00 ,http://cmpbook.com/data/stackroom/5/555361.jpg
国际商务谈判（英文版・原书第6版）,作者：（美）艾・里斯（AlRies），（美）杰克・特劳特（JackTrout）著,978-7-111-55634-3,2017-01-17,49.00 ,http://cmpbook.com/data/stackroom/5/556341.jpg
C++程序设计：基础、编程抽象与算法策略（英文版）,作者：[美]埃里克S.罗伯茨（EricS.Roberts）著,978-7-111-56149-1,2017-05-02,139.00 ,http://cmpbook.com/data/stackroom/5/561491.jpg
深入理解计算机系统（英文版・第3版）,作者：[美]兰德尔E.布莱恩特（RandalE.Bryant）大卫R.奥哈拉伦（DavidR.O'Hallaron）著,978-7-111-56127-9,2017-04-13,239.00 ,http://cmpbook.com/data/stackroom/5/561271.jpg
离散数学及其应用（英文精编版・第7版）,作者：[美]肯尼思H.罗森（KennethH.Rosen）著,978-7-111-55536-0,2017-02-13,79.00 ,http://cmpbook.com/data/stackroom/5/555361.jpg
国际商务谈判（英文版・原书第6版）,作者：（美）艾・里斯（AlRies），（美）杰克・特劳特（JackTrout）著,978-7-111-55634-3,2017-01-17,49.00 ,http://cmpbook.com/data/stackroom/5/556341.jpg
经济学（微观）（英文版・第5版）,作者：[美]R.格伦哈伯德（R.GlennHubbard）安东尼P.奥布赖恩（AnthonyP.O'Brien）,978-7-111-55348-9,2016-11-30,79.00 ,http://cmpbook.com/data/stackroom/5/553481.jpg
深入理解计算机系统（英文版・第3版）,作者：[美]兰德尔E.布莱恩特（RandalE.Bryant）大卫R.奥哈拉伦（DavidR.O'Hallaron）著,978-7-111-56127-9,2017-04-13,239.00 ,http://cmpbook.com/data/stackroom/5/561271.jpg
离散数学及其应用（英文精编版・第7版）,作者：[美]肯尼思H.罗森（KennethH.Rosen）著,978-7-111-55536-0,2017-02-13,79.00 ,http://cmpbook.com/data/stackroom/5/555361.jpg
国际商务谈判（英文版・原书第6版）,作者：（美）艾・里斯（AlRies），（美）杰克・特劳特（JackTrout）著,978-7-111-55634-3,2017-01-17,49.00 ,http://cmpbook.com/data/stackroom/5/556341.jpg
经济学（微观）（英文版・第5版）,作者：[美]R.格伦哈伯德（R.GlennHubbard）安东尼P.奥布赖恩（AnthonyP.O'Brien）,978-7-111-55348-9,2016-11-30,79.00 ,http://cmpbook.com/data/stackroom/5/553481.jpg
经济学（宏观）（英文版・第5版）,作者：[美]R.格伦哈伯德（R.GlennHubbard）安东尼P.奥布赖恩（AnthonyP.O'Brien）,978-7-111-54776-1,2016-09-26,59.00 ,http://cmpbook.com/data/stackroom/5/547761.jpg
离散数学及其应用（英文精编版・第7版）,作者：[美]肯尼思H.罗森（KennethH.Rosen）著,978-7-111-55536-0,2017-02-13,79.00 ,http://cmpbook.com/data/stackroom/5/555361.jpg
国际商务谈判（英文版・原书第6版）,作者：（美）艾・里斯（AlRies），（美）杰克・特劳特（JackTrout）著,978-7-111-55634-3,2017-01-17,49.00 ,http://cmpbook.com/data/stackroom/5/556341.jpg
经济学（微观）（英文版・第5版）,作者：[美]R.格伦哈伯德（R.GlennHubbard）安东尼P.奥布赖恩（AnthonyP.O'Brien）,978-7-111-55348-9,2016-11-30,79.00 ,http://cmpbook.com/data/stackroom/5/553481.jpg
经济学（宏观）（英文版・第5版）,作者：[美]R.格伦哈伯德（R.GlennHubbard）安东尼P.奥布赖恩（AnthonyP.O'Brien）,978-7-111-54776-1,2016-09-26,59.00 ,http://cmpbook.com/data/stackroom/5/547761.jpg
国际金融（英文版・第12版）,作者：（美）大卫・艾特曼（DavidEiteman）阿瑟・斯通西尔（ArthurStonehill）著,978-7-111-54300-8,2016-08-03,79.00 ,http://cmpbook.com/data/stackroom/5/543001.jpg
国际商务谈判（英文版・原书第6版）,作者：（美）艾・里斯（AlRies），（美）杰克・特劳特（JackTrout）著,978-7-111-55634-3,2017-01-17,49.00 ,http://cmpbook.com/data/stackroom/5/556341.jpg
经济学（微观）（英文版・第5版）,作者：[美]R.格伦哈伯德（R.GlennHubbard）安东尼P.奥布赖恩（AnthonyP.O'Brien）,978-7-111-55348-9,2016-11-30,79.00 ,http://cmpbook.com/data/stackroom/5/553481.jpg
经济学（宏观）（英文版・第5版）,作者：[美]R.格伦哈伯德（R.GlennHubbard）安东尼P.奥布赖恩（AnthonyP.O'Brien）,978-7-111-54776-1,2016-09-26,59.00 ,http://cmpbook.com/data/stackroom/5/547761.jpg
国际金融（英文版・第12版）,作者：（美）大卫・艾特曼（DavidEiteman）阿瑟・斯通西尔（ArthurStonehill）著,978-7-111-54300-8,2016-08-03,79.00 ,http://cmpbook.com/data/stackroom/5/543001.jpg
期权与期货市场基本原理（英文版・原书第8版）,作者：[加]约翰・赫尔（JohnC.Hull）著,978-7-111-54214-8,2016-08-02,79.00 ,http://cmpbook.com/data/stackroom/5/542141.jpg
经济学（微观）（英文版・第5版）,作者：[美]R.格伦哈伯德（R.GlennHubbard）安东尼P.奥布赖恩（AnthonyP.O'Brien）,978-7-111-55348-9,2016-11-30,79.00 ,http://cmpbook.com/data/stackroom/5/553481.jpg
经济学（宏观）（英文版・第5版）,作者：[美]R.格伦哈伯德（R.GlennHubbard）安东尼P.奥布赖恩（AnthonyP.O'Brien）,978-7-111-54776-1,2016-09-26,59.00 ,http://cmpbook.com/data/stackroom/5/547761.jpg
国际金融（英文版・第12版）,作者：（美）大卫・艾特曼（DavidEiteman）阿瑟・斯通西尔（ArthurStonehill）著,978-7-111-54300-8,2016-08-03,79.00 ,http://cmpbook.com/data/stackroom/5/543001.jpg
期权与期货市场基本原理（英文版・原书第8版）,作者：[加]约翰・赫尔（JohnC.Hull）著,978-7-111-54214-8,2016-08-02,79.00 ,http://cmpbook.com/data/stackroom/5/542141.jpg
Java语言导学（英文版・第6版）,作者：[美]雷蒙德・盖拉多（RaymondGallardo）斯科特・霍梅尔（ScottHommel）著,978-7-111-53433-4,2016-05-06,129.00 ,http://cmpbook.com/data/stackroom/5/534331.jpg
经济学（宏观）（英文版・第5版）,作者：[美]R.格伦哈伯德（R.GlennHubbard）安东尼P.奥布赖恩（AnthonyP.O'Brien）,978-7-111-54776-1,2016-09-26,59.00 ,http://cmpbook.com/data/stackroom/5/547761.jpg
国际金融（英文版・第12版）,作者：（美）大卫・艾特曼（DavidEiteman）阿瑟・斯通西尔（ArthurStonehill）著,978-7-111-54300-8,2016-08-03,79.00 ,http://cmpbook.com/data/stackroom/5/543001.jpg
期权与期货市场基本原理（英文版・原书第8版）,作者：[加]约翰・赫尔（JohnC.Hull）著,978-7-111-54214-8,2016-08-02,79.00 ,http://cmpbook.com/data/stackroom/5/542141.jpg
Java语言导学（英文版・第6版）,作者：[美]雷蒙德・盖拉多（RaymondGallardo）斯科特・霍梅尔（ScottHommel）著,978-7-111-53433-4,2016-05-06,129.00 ,http://cmpbook.com/data/stackroom/5/534331.jpg
云计算：概念、技术与架构（英文版）,作者：[美]托马斯・埃尔（ThomasErl）[英]扎哈姆・马哈茂德（ZaighamMahmood）著,978-7-111-53445-7,2016-05-06,89.00 ,http://cmpbook.com/data/stackroom/5/534451.jpg
国际金融（英文版・第12版）,作者：（美）大卫・艾特曼（DavidEiteman）阿瑟・斯通西尔（ArthurStonehill）著,978-7-111-54300-8,2016-08-03,79.00 ,http://cmpbook.com/data/stackroom/5/543001.jpg
期权与期货市场基本原理（英文版・原书第8版）,作者：[加]约翰・赫尔（JohnC.Hull）著,978-7-111-54214-8,2016-08-02,79.00 ,http://cmpbook.com/data/stackroom/5/542141.jpg
Java语言导学（英文版・第6版）,作者：[美]雷蒙德・盖拉多（RaymondGallardo）斯科特・霍梅尔（ScottHommel）著,978-7-111-53433-4,2016-05-06,129.00 ,http://cmpbook.com/data/stackroom/5/534331.jpg
云计算：概念、技术与架构（英文版）,作者：[美]托马斯・埃尔（ThomasErl）[英]扎哈姆・马哈茂德（ZaighamMahmood）著,978-7-111-53445-7,2016-05-06,89.00 ,http://cmpbook.com/data/stackroom/5/534451.jpg
程序设计导论：Python语言实践（英文版）,作者：[美]罗伯特・塞奇威克（RobertSedgewick）凯文・韦恩（KevinWayne）罗伯特・唐德罗（RobertDondero）著,978-7-111-52401-4,2016-01-19,139.00 ,http://cmpbook.com/data/stackroom/5/524011.jpg
期权与期货市场基本原理（英文版・原书第8版）,作者：[加]约翰・赫尔（JohnC.Hull）著,978-7-111-54214-8,2016-08-02,79.00 ,http://cmpbook.com/data/stackroom/5/542141.jpg
Java语言导学（英文版・第6版）,作者：[美]雷蒙德・盖拉多（RaymondGallardo）斯科特・霍梅尔（ScottHommel）著,978-7-111-53433-4,2016-05-06,129.00 ,http://cmpbook.com/data/stackroom/5/534331.jpg
云计算：概念、技术与架构（英文版）,作者：[美]托马斯・埃尔（ThomasErl）[英]扎哈姆・马哈茂德（ZaighamMahmood）著,978-7-111-53445-7,2016-05-06,89.00 ,http://cmpbook.com/data/stackroom/5/534451.jpg
程序设计导论：Python语言实践（英文版）,作者：[美]罗伯特・塞奇威克（RobertSedgewick）凯文・韦恩（KevinWayne）罗伯特・唐德罗（RobertDondero）著,978-7-111-52401-4,2016-01-19,139.00 ,http://cmpbook.com/data/stackroom/5/524011.jpg
Go程序设计语言（英文版）,作者：[美]艾伦A.A.多诺万（AlanA.A.Donovan）布莱恩W.柯尼汉（BrianW.Kernighan）著,978-7-111-52628-5,2016-01-19,79.00 ,http://cmpbook.com/data/stackroom/5/526281.jpg
Java语言导学（英文版・第6版）,作者：[美]雷蒙德・盖拉多（RaymondGallardo）斯科特・霍梅尔（ScottHommel）著,978-7-111-53433-4,2016-05-06,129.00 ,http://cmpbook.com/data/stackroom/5/534331.jpg
云计算：概念、技术与架构（英文版）,作者：[美]托马斯・埃尔（ThomasErl）[英]扎哈姆・马哈茂德（ZaighamMahmood）著,978-7-111-53445-7,2016-05-06,89.00 ,http://cmpbook.com/data/stackroom/5/534451.jpg
程序设计导论：Python语言实践（英文版）,作者：[美]罗伯特・塞奇威克（RobertSedgewick）凯文・韦恩（KevinWayne）罗伯特・唐德罗（RobertDondero）著,978-7-111-52401-4,2016-01-19,139.00 ,http://cmpbook.com/data/stackroom/5/524011.jpg
Go程序设计语言（英文版）,作者：[美]艾伦A.A.多诺万（AlanA.A.Donovan）布莱恩W.柯尼汉（BrianW.Kernighan）著,978-7-111-52628-5,2016-01-19,79.00 ,http://cmpbook.com/data/stackroom/5/526281.jpg
C++程序设计语言（第4部分：标准库）（英文版第4版）,作者：[美]本贾尼・斯特劳斯特鲁普（BjarneStroustrup）著,978-7-111-52487-8,2016-01-14,89.00 ,http://cmpbook.com/data/stackroom/5/524871.jpg
云计算：概念、技术与架构（英文版）,作者：[美]托马斯・埃尔（ThomasErl）[英]扎哈姆・马哈茂德（ZaighamMahmood）著,978-7-111-53445-7,2016-05-06,89.00 ,http://cmpbook.com/data/stackroom/5/534451.jpg
程序设计导论：Python语言实践（英文版）,作者：[美]罗伯特・塞奇威克（RobertSedgewick）凯文・韦恩（KevinWayne）罗伯特・唐德罗（RobertDondero）著,978-7-111-52401-4,2016-01-19,139.00 ,http://cmpbook.com/data/stackroom/5/524011.jpg
Go程序设计语言（英文版）,作者：[美]艾伦A.A.多诺万（AlanA.A.Donovan）布莱恩W.柯尼汉（BrianW.Kernighan）著,978-7-111-52628-5,2016-01-19,79.00 ,http://cmpbook.com/data/stackroom/5/526281.jpg
C++程序设计语言（第4部分：标准库）（英文版第4版）,作者：[美]本贾尼・斯特劳斯特鲁普（BjarneStroustrup）著,978-7-111-52487-8,2016-01-14,89.00 ,http://cmpbook.com/data/stackroom/5/524871.jpg
C++程序设计语言（第1～3部分）（英文版・第4版）,作者：[美]本贾尼・斯特劳斯特鲁普（BjarneStroustrup）著,978-7-111-52386-4,2016-01-13,169.00 ,http://cmpbook.com/data/stackroom/5/523861.jpg
程序设计导论：Python语言实践（英文版）,作者：[美]罗伯特・塞奇威克（RobertSedgewick）凯文・韦恩（KevinWayne）罗伯特・唐德罗（RobertDondero）著,978-7-111-52401-4,2016-01-19,139.00 ,http://cmpbook.com/data/stackroom/5/524011.jpg
Go程序设计语言（英文版）,作者：[美]艾伦A.A.多诺万（AlanA.A.Donovan）布莱恩W.柯尼汉（BrianW.Kernighan）著,978-7-111-52628-5,2016-01-19,79.00 ,http://cmpbook.com/data/stackroom/5/526281.jpg
C++程序设计语言（第4部分：标准库）（英文版第4版）,作者：[美]本贾尼・斯特劳斯特鲁普（BjarneStroustrup）著,978-7-111-52487-8,2016-01-14,89.00 ,http://cmpbook.com/data/stackroom/5/524871.jpg
C++程序设计语言（第1～3部分）（英文版・第4版）,作者：[美]本贾尼・斯特劳斯特鲁普（BjarneStroustrup）著,978-7-111-52386-4,2016-01-13,169.00 ,http://cmpbook.com/data/stackroom/5/523861.jpg
UNIX环境高级编程（英文版・第3版）,"作者：[美]W.理查德・史蒂文斯（W.RichardStevens）,斯蒂芬A.拉格（StephenA.Rago）著",978-7-111-52387-1,2016-01-13,159.00 ,http://cmpbook.com/data/stackroom/5/523871.jpg
Go程序设计语言（英文版）,作者：[美]艾伦A.A.多诺万（AlanA.A.Donovan）布莱恩W.柯尼汉（BrianW.Kernighan）著,978-7-111-52628-5,2016-01-19,79.00 ,http://cmpbook.com/data/stackroom/5/526281.jpg
C++程序设计语言（第4部分：标准库）（英文版第4版）,作者：[美]本贾尼・斯特劳斯特鲁普（BjarneStroustrup）著,978-7-111-52487-8,2016-01-14,89.00 ,http://cmpbook.com/data/stackroom/5/524871.jpg
C++程序设计语言（第1～3部分）（英文版・第4版）,作者：[美]本贾尼・斯特劳斯特鲁普（BjarneStroustrup）著,978-7-111-52386-4,2016-01-13,169.00 ,http://cmpbook.com/data/stackroom/5/523861.jpg
UNIX环境高级编程（英文版・第3版）,"作者：[美]W.理查德・史蒂文斯（W.RichardStevens）,斯蒂芬A.拉格（StephenA.Rago）著",978-7-111-52387-1,2016-01-13,159.00 ,http://cmpbook.com/data/stackroom/5/523871.jpg
软件工程：实践者的研究方法（英文精编版・第8版）,作者：（美）罗杰S.普莱斯曼（RogerS.Pressman）布鲁斯R.马克西姆（BruceR.Maxim）著,978-7-111-49931-2,2016-01-13,79.00 ,http://cmpbook.com/data/stackroom/4/499311.jpg
C++程序设计语言（第4部分：标准库）（英文版第4版）,作者：[美]本贾尼・斯特劳斯特鲁普（BjarneStroustrup）著,978-7-111-52487-8,2016-01-14,89.00 ,http://cmpbook.com/data/stackroom/5/524871.jpg
C++程序设计语言（第1～3部分）（英文版・第4版）,作者：[美]本贾尼・斯特劳斯特鲁普（BjarneStroustrup）著,978-7-111-52386-4,2016-01-13,169.00 ,http://cmpbook.com/data/stackroom/5/523861.jpg
UNIX环境高级编程（英文版・第3版）,"作者：[美]W.理查德・史蒂文斯（W.RichardStevens）,斯蒂芬A.拉格（StephenA.Rago）著",978-7-111-52387-1,2016-01-13,159.00 ,http://cmpbook.com/data/stackroom/5/523871.jpg
软件工程：实践者的研究方法（英文精编版・第8版）,作者：（美）罗杰S.普莱斯曼（RogerS.Pressman）布鲁斯R.马克西姆（BruceR.Maxim）著,978-7-111-49931-2,2016-01-13,79.00 ,http://cmpbook.com/data/stackroom/4/499311.jpg
NoSQL精粹（英文版）,作者：[印]普拉莫德J.塞得拉吉（PramodJ.Sadalage）[美]马丁・福勒（MartinFowler）著,978-7-111-51800-6,2016-01-04,49.00 ,http://cmpbook.com/data/stackroom/5/518001.jpg
C++程序设计语言（第1～3部分）（英文版・第4版）,作者：[美]本贾尼・斯特劳斯特鲁普（BjarneStroustrup）著,978-7-111-52386-4,2016-01-13,169.00 ,http://cmpbook.com/data/stackroom/5/523861.jpg
UNIX环境高级编程（英文版・第3版）,"作者：[美]W.理查德・史蒂文斯（W.RichardStevens）,斯蒂芬A.拉格（StephenA.Rago）著",978-7-111-52387-1,2016-01-13,159.00 ,http://cmpbook.com/data/stackroom/5/523871.jpg
软件工程：实践者的研究方法（英文精编版・第8版）,作者：（美）罗杰S.普莱斯曼（RogerS.Pressman）布鲁斯R.马克西姆（BruceR.Maxim）著,978-7-111-49931-2,2016-01-13,79.00 ,http://cmpbook.com/data/stackroom/4/499311.jpg
NoSQL精粹（英文版）,作者：[印]普拉莫德J.塞得拉吉（PramodJ.Sadalage）[美]马丁・福勒（MartinFowler）著,978-7-111-51800-6,2016-01-04,49.00 ,http://cmpbook.com/data/stackroom/5/518001.jpg
人件（英文版・第3版）,作者：（美）汤姆・迪马可（TomDeMarco）蒂莫西・利斯特（TimothyLister）著,978-7-111-51798-6,2015-12-10,69.00 ,http://cmpbook.com/data/stackroom/5/517981.jpg
UNIX环境高级编程（英文版・第3版）,"作者：[美]W.理查德・史蒂文斯（W.RichardStevens）,斯蒂芬A.拉格（StephenA.Rago）著",978-7-111-52387-1,2016-01-13,159.00 ,http://cmpbook.com/data/stackroom/5/523871.jpg
软件工程：实践者的研究方法（英文精编版・第8版）,作者：（美）罗杰S.普莱斯曼（RogerS.Pressman）布鲁斯R.马克西姆（BruceR.Maxim）著,978-7-111-49931-2,2016-01-13,79.00 ,http://cmpbook.com/data/stackroom/4/499311.jpg
NoSQL精粹（英文版）,作者：[印]普拉莫德J.塞得拉吉（PramodJ.Sadalage）[美]马丁・福勒（MartinFowler）著,978-7-111-51800-6,2016-01-04,49.00 ,http://cmpbook.com/data/stackroom/5/518001.jpg
人件（英文版・第3版）,作者：（美）汤姆・迪马可（TomDeMarco）蒂莫西・利斯特（TimothyLister）著,978-7-111-51798-6,2015-12-10,69.00 ,http://cmpbook.com/data/stackroom/5/517981.jpg
多媒体系统：算法、标准和工业实践（英文精编版）,作者：[美]保劳格・哈沃达尔（ParagHavaldar）杰拉德・梅迪奥尼（GerardMedioni）著,978-7-111-49929-9,2015-07-06,79.00 ,http://cmpbook.com/data/stackroom/4/499291.jpg
软件工程：实践者的研究方法（英文精编版・第8版）,作者：（美）罗杰S.普莱斯曼（RogerS.Pressman）布鲁斯R.马克西姆（BruceR.Maxim）著,978-7-111-49931-2,2016-01-13,79.00 ,http://cmpbook.com/data/stackroom/4/499311.jpg
NoSQL精粹（英文版）,作者：[印]普拉莫德J.塞得拉吉（PramodJ.Sadalage）[美]马丁・福勒（MartinFowler）著,978-7-111-51800-6,2016-01-04,49.00 ,http://cmpbook.com/data/stackroom/5/518001.jpg
人件（英文版・第3版）,作者：（美）汤姆・迪马可（TomDeMarco）蒂莫西・利斯特（TimothyLister）著,978-7-111-51798-6,2015-12-10,69.00 ,http://cmpbook.com/data/stackroom/5/517981.jpg
多媒体系统：算法、标准和工业实践（英文精编版）,作者：[美]保劳格・哈沃达尔（ParagHavaldar）杰拉德・梅迪奥尼（GerardMedioni）著,978-7-111-49929-9,2015-07-06,79.00 ,http://cmpbook.com/data/stackroom/4/499291.jpg
IT项目管理（英文精编版・第7版）,作者：（法）MarkWalker著,978-7-111-49928-2,2015-06-10,79.00 ,http://cmpbook.com/data/stackroom/4/499281.jpg
NoSQL精粹（英文版）,作者：[印]普拉莫德J.塞得拉吉（PramodJ.Sadalage）[美]马丁・福勒（MartinFowler）著,978-7-111-51800-6,2016-01-04,49.00 ,http://cmpbook.com/data/stackroom/5/518001.jpg
人件（英文版・第3版）,作者：（美）汤姆・迪马可（TomDeMarco）蒂莫西・利斯特（TimothyLister）著,978-7-111-51798-6,2015-12-10,69.00 ,http://cmpbook.com/data/stackroom/5/517981.jpg
多媒体系统：算法、标准和工业实践（英文精编版）,作者：[美]保劳格・哈沃达尔（ParagHavaldar）杰拉德・梅迪奥尼（GerardMedioni）著,978-7-111-49929-9,2015-07-06,79.00 ,http://cmpbook.com/data/stackroom/4/499291.jpg
IT项目管理（英文精编版・第7版）,作者：（法）MarkWalker著,978-7-111-49928-2,2015-06-10,79.00 ,http://cmpbook.com/data/stackroom/4/499281.jpg
高性能嵌入式计算（英文版・第2版）,作者：[美]玛里琳・沃尔夫（MarilynWolf）著,978-7-111-49930-5,2015-06-05,79.00 ,http://cmpbook.com/data/stackroom/4/499301.jpg
人件（英文版・第3版）,作者：（美）汤姆・迪马可（TomDeMarco）蒂莫西・利斯特（TimothyLister）著,978-7-111-51798-6,2015-12-10,69.00 ,http://cmpbook.com/data/stackroom/5/517981.jpg
多媒体系统：算法、标准和工业实践（英文精编版）,作者：[美]保劳格・哈沃达尔（ParagHavaldar）杰拉德・梅迪奥尼（GerardMedioni）著,978-7-111-49929-9,2015-07-06,79.00 ,http://cmpbook.com/data/stackroom/4/499291.jpg
IT项目管理（英文精编版・第7版）,作者：（法）MarkWalker著,978-7-111-49928-2,2015-06-10,79.00 ,http://cmpbook.com/data/stackroom/4/499281.jpg
高性能嵌入式计算（英文版・第2版）,作者：[美]玛里琳・沃尔夫（MarilynWolf）著,978-7-111-49930-5,2015-06-05,79.00 ,http://cmpbook.com/data/stackroom/4/499301.jpg
系统分析与设计：敏捷迭代方法（英文精编版・第6版）,作者：[美]约翰W.萨茨辛格(JohnW.Satzinger)罗伯特B.杰克逊（RobertB.Jackson）史蒂芬D.伯德（StephenD.Burd）著,978-7-111-49937-4,2015-06-05,69.00 ,http://cmpbook.com/data/stackroom/4/499371.jpg
多媒体系统：算法、标准和工业实践（英文精编版）,作者：[美]保劳格・哈沃达尔（ParagHavaldar）杰拉德・梅迪奥尼（GerardMedioni）著,978-7-111-49929-9,2015-07-06,79.00 ,http://cmpbook.com/data/stackroom/4/499291.jpg
IT项目管理（英文精编版・第7版）,作者：（法）MarkWalker著,978-7-111-49928-2,2015-06-10,79.00 ,http://cmpbook.com/data/stackroom/4/499281.jpg
高性能嵌入式计算（英文版・第2版）,作者：[美]玛里琳・沃尔夫（MarilynWolf）著,978-7-111-49930-5,2015-06-05,79.00 ,http://cmpbook.com/data/stackroom/4/499301.jpg
系统分析与设计：敏捷迭代方法（英文精编版・第6版）,作者：[美]约翰W.萨茨辛格(JohnW.Satzinger)罗伯特B.杰克逊（RobertB.Jackson）史蒂芬D.伯德（StephenD.Burd）著,978-7-111-49937-4,2015-06-05,69.00 ,http://cmpbook.com/data/stackroom/4/499371.jpg
计算机专业英语（2014英文版）,作者：（美）TimothyJ.O'LearyLindaI.O'Leary著,978-7-111-48735-7,2015-02-12,55.00 ,http://cmpbook.com/data/stackroom/4/487351.jpg
IT项目管理（英文精编版・第7版）,作者：（法）MarkWalker著,978-7-111-49928-2,2015-06-10,79.00 ,http://cmpbook.com/data/stackroom/4/499281.jpg
高性能嵌入式计算（英文版・第2版）,作者：[美]玛里琳・沃尔夫（MarilynWolf）著,978-7-111-49930-5,2015-06-05,79.00 ,http://cmpbook.com/data/stackroom/4/499301.jpg
系统分析与设计：敏捷迭代方法（英文精编版・第6版）,作者：[美]约翰W.萨茨辛格(JohnW.Satzinger)罗伯特B.杰克逊（RobertB.Jackson）史蒂芬D.伯德（StephenD.Burd）著,978-7-111-49937-4,2015-06-05,69.00 ,http://cmpbook.com/data/stackroom/4/499371.jpg
计算机专业英语（2014英文版）,作者：（美）TimothyJ.O'LearyLindaI.O'Leary著,978-7-111-48735-7,2015-02-12,55.00 ,http://cmpbook.com/data/stackroom/4/487351.jpg
计算机科学引论（2014英文版）,作者：（美）TimothyJ.O'LearyLindaI.O'Leary著,978-7-111-48934-4,2015-02-12,69.00 ,http://cmpbook.com/data/stackroom/4/489341.jpg
高性能嵌入式计算（英文版・第2版）,作者：[美]玛里琳・沃尔夫（MarilynWolf）著,978-7-111-49930-5,2015-06-05,79.00 ,http://cmpbook.com/data/stackroom/4/499301.jpg
系统分析与设计：敏捷迭代方法（英文精编版・第6版）,作者：[美]约翰W.萨茨辛格(JohnW.Satzinger)罗伯特B.杰克逊（RobertB.Jackson）史蒂芬D.伯德（StephenD.Burd）著,978-7-111-49937-4,2015-06-05,69.00 ,http://cmpbook.com/data/stackroom/4/499371.jpg
计算机专业英语（2014英文版）,作者：（美）TimothyJ.O'LearyLindaI.O'Leary著,978-7-111-48735-7,2015-02-12,55.00 ,http://cmpbook.com/data/stackroom/4/487351.jpg
计算机科学引论（2014英文版）,作者：（美）TimothyJ.O'LearyLindaI.O'Leary著,978-7-111-48934-4,2015-02-12,69.00 ,http://cmpbook.com/data/stackroom/4/489341.jpg
计算机科学概论（英文版・第5版）,作者：（美）NellDaleJohnLewis著,978-7-111-44813-6,2015-02-11,69.00 ,http://cmpbook.com/data/stackroom/4/448131.jpg
系统分析与设计：敏捷迭代方法（英文精编版・第6版）,作者：[美]约翰W.萨茨辛格(JohnW.Satzinger)罗伯特B.杰克逊（RobertB.Jackson）史蒂芬D.伯德（StephenD.Burd）著,978-7-111-49937-4,2015-06-05,69.00 ,http://cmpbook.com/data/stackroom/4/499371.jpg
计算机专业英语（2014英文版）,作者：（美）TimothyJ.O'LearyLindaI.O'Leary著,978-7-111-48735-7,2015-02-12,55.00 ,http://cmpbook.com/data/stackroom/4/487351.jpg
计算机科学引论（2014英文版）,作者：（美）TimothyJ.O'LearyLindaI.O'Leary著,978-7-111-48934-4,2015-02-12,69.00 ,http://cmpbook.com/data/stackroom/4/489341.jpg
计算机科学概论（英文版・第5版）,作者：（美）NellDaleJohnLewis著,978-7-111-44813-6,2015-02-11,69.00 ,http://cmpbook.com/data/stackroom/4/448131.jpg
数据、模型与决策：基于电子表格的建模和案例研究方法（英文版•原书第4版）,作者：（美）弗雷德里克S.希利尔（FrederickS.Hillier）、（美）马克S.希利尔（MarkS.Hiller）著,978-7-111-48099-0,2014-11-03,85.00 ,http://cmpbook.com/data/stackroom/4/480991.jpg
计算机专业英语（2014英文版）,作者：（美）TimothyJ.O'LearyLindaI.O'Leary著,978-7-111-48735-7,2015-02-12,55.00 ,http://cmpbook.com/data/stackroom/4/487351.jpg
计算机科学引论（2014英文版）,作者：（美）TimothyJ.O'LearyLindaI.O'Leary著,978-7-111-48934-4,2015-02-12,69.00 ,http://cmpbook.com/data/stackroom/4/489341.jpg
计算机科学概论（英文版・第5版）,作者：（美）NellDaleJohnLewis著,978-7-111-44813-6,2015-02-11,69.00 ,http://cmpbook.com/data/stackroom/4/448131.jpg
数据、模型与决策：基于电子表格的建模和案例研究方法（英文版•原书第4版）,作者：（美）弗雷德里克S.希利尔（FrederickS.Hillier）、（美）马克S.希利尔（MarkS.Hiller）著,978-7-111-48099-0,2014-11-03,85.00 ,http://cmpbook.com/data/stackroom/4/480991.jpg
跨国金融管理（上册）（英文版.原书第2版）,作者：（美）吉尔特.贝克特（GeertJBekaert），哥伦比亚大学；罗伯特.霍德里克（RobertJ.Hodrick），哥伦比亚大学著,978-7-111-47215-5,2014-08-08,49.00 ,http://cmpbook.com/data/stackroom/4/472151.jpg
计算机科学引论（2014英文版）,作者：（美）TimothyJ.O'LearyLindaI.O'Leary著,978-7-111-48934-4,2015-02-12,69.00 ,http://cmpbook.com/data/stackroom/4/489341.jpg
计算机科学概论（英文版・第5版）,作者：（美）NellDaleJohnLewis著,978-7-111-44813-6,2015-02-11,69.00 ,http://cmpbook.com/data/stackroom/4/448131.jpg
数据、模型与决策：基于电子表格的建模和案例研究方法（英文版•原书第4版）,作者：（美）弗雷德里克S.希利尔（FrederickS.Hillier）、（美）马克S.希利尔（MarkS.Hiller）著,978-7-111-48099-0,2014-11-03,85.00 ,http://cmpbook.com/data/stackroom/4/480991.jpg
跨国金融管理（上册）（英文版.原书第2版）,作者：（美）吉尔特.贝克特（GeertJBekaert），哥伦比亚大学；罗伯特.霍德里克（RobertJ.Hodrick），哥伦比亚大学著,978-7-111-47215-5,2014-08-08,49.00 ,http://cmpbook.com/data/stackroom/4/472151.jpg
跨国金融管理（下册）（英文版.原书第2版）,作者：（美）科里・帕特森（KerryPatterson）等著,978-7-111-47216-2,2014-08-08,59.00 ,http://cmpbook.com/data/stackroom/4/472161.jpg
计算机科学概论（英文版・第5版）,作者：（美）NellDaleJohnLewis著,978-7-111-44813-6,2015-02-11,69.00 ,http://cmpbook.com/data/stackroom/4/448131.jpg
数据、模型与决策：基于电子表格的建模和案例研究方法（英文版•原书第4版）,作者：（美）弗雷德里克S.希利尔（FrederickS.Hillier）、（美）马克S.希利尔（MarkS.Hiller）著,978-7-111-48099-0,2014-11-03,85.00 ,http://cmpbook.com/data/stackroom/4/480991.jpg
跨国金融管理（上册）（英文版.原书第2版）,作者：（美）吉尔特.贝克特（GeertJBekaert），哥伦比亚大学；罗伯特.霍德里克（RobertJ.Hodrick），哥伦比亚大学著,978-7-111-47215-5,2014-08-08,49.00 ,http://cmpbook.com/data/stackroom/4/472151.jpg
跨国金融管理（下册）（英文版.原书第2版）,作者：（美）科里・帕特森（KerryPatterson）等著,978-7-111-47216-2,2014-08-08,59.00 ,http://cmpbook.com/data/stackroom/4/472161.jpg
国际商务：环境与运作（英文版・原书第13版）,作者：（美）约翰D.丹尼尔斯（JohnD.Daniels）迈阿密大学李H.拉德巴赫（LeeH.Radebaugh）杨百翰大学丹尼尔P.沙利文（DanielP.Sullivan）特拉华大学著,978-7-111-46099-2,2014-04-10,99.00 ,http://cmpbook.com/data/stackroom/4/460991.jpg
数据、模型与决策：基于电子表格的建模和案例研究方法（英文版•原书第4版）,作者：（美）弗雷德里克S.希利尔（FrederickS.Hillier）、（美）马克S.希利尔（MarkS.Hiller）著,978-7-111-48099-0,2014-11-03,85.00 ,http://cmpbook.com/data/stackroom/4/480991.jpg
跨国金融管理（上册）（英文版.原书第2版）,作者：（美）吉尔特.贝克特（GeertJBekaert），哥伦比亚大学；罗伯特.霍德里克（RobertJ.Hodrick），哥伦比亚大学著,978-7-111-47215-5,2014-08-08,49.00 ,http://cmpbook.com/data/stackroom/4/472151.jpg
跨国金融管理（下册）（英文版.原书第2版）,作者：（美）科里・帕特森（KerryPatterson）等著,978-7-111-47216-2,2014-08-08,59.00 ,http://cmpbook.com/data/stackroom/4/472161.jpg
国际商务：环境与运作（英文版・原书第13版）,作者：（美）约翰D.丹尼尔斯（JohnD.Daniels）迈阿密大学李H.拉德巴赫（LeeH.Radebaugh）杨百翰大学丹尼尔P.沙利文（DanielP.Sullivan）特拉华大学著,978-7-111-46099-2,2014-04-10,99.00 ,http://cmpbook.com/data/stackroom/4/460991.jpg
计算机组成与设计：硬件/软件接口（英文版・第5版・亚洲版）,"作者：（美）帕特森（Patterson,D.A），（美）亨尼斯（Hennessy,J.L.）著",978-7-111-45316-1,2014-02-11,139.00 ,http://cmpbook.com/data/stackroom/4/453161.jpg
跨国金融管理（上册）（英文版.原书第2版）,作者：（美）吉尔特.贝克特（GeertJBekaert），哥伦比亚大学；罗伯特.霍德里克（RobertJ.Hodrick），哥伦比亚大学著,978-7-111-47215-5,2014-08-08,49.00 ,http://cmpbook.com/data/stackroom/4/472151.jpg
跨国金融管理（下册）（英文版.原书第2版）,作者：（美）科里・帕特森（KerryPatterson）等著,978-7-111-47216-2,2014-08-08,59.00 ,http://cmpbook.com/data/stackroom/4/472161.jpg
国际商务：环境与运作（英文版・原书第13版）,作者：（美）约翰D.丹尼尔斯（JohnD.Daniels）迈阿密大学李H.拉德巴赫（LeeH.Radebaugh）杨百翰大学丹尼尔P.沙利文（DanielP.Sullivan）特拉华大学著,978-7-111-46099-2,2014-04-10,99.00 ,http://cmpbook.com/data/stackroom/4/460991.jpg
计算机组成与设计：硬件/软件接口（英文版・第5版・亚洲版）,"作者：（美）帕特森（Patterson,D.A），（美）亨尼斯（Hennessy,J.L.）著",978-7-111-45316-1,2014-02-11,139.00 ,http://cmpbook.com/data/stackroom/4/453161.jpg
会计学基础（英文版・原书第11版）,作者：(美)莱斯利K.布莱特纳（LeslieBreitner）麦吉尔大学德桑特尔斯管理学院（美）罗伯特N.安东尼（RobertAnthony）哈佛大学商学院著,978-7-111-44854-9,2013-12-31,39.00 ,http://cmpbook.com/data/stackroom/4/448541.jpg
跨国金融管理（下册）（英文版.原书第2版）,作者：（美）科里・帕特森（KerryPatterson）等著,978-7-111-47216-2,2014-08-08,59.00 ,http://cmpbook.com/data/stackroom/4/472161.jpg
国际商务：环境与运作（英文版・原书第13版）,作者：（美）约翰D.丹尼尔斯（JohnD.Daniels）迈阿密大学李H.拉德巴赫（LeeH.Radebaugh）杨百翰大学丹尼尔P.沙利文（DanielP.Sullivan）特拉华大学著,978-7-111-46099-2,2014-04-10,99.00 ,http://cmpbook.com/data/stackroom/4/460991.jpg
计算机组成与设计：硬件/软件接口（英文版・第5版・亚洲版）,"作者：（美）帕特森（Patterson,D.A），（美）亨尼斯（Hennessy,J.L.）著",978-7-111-45316-1,2014-02-11,139.00 ,http://cmpbook.com/data/stackroom/4/453161.jpg
会计学基础（英文版・原书第11版）,作者：(美)莱斯利K.布莱特纳（LeslieBreitner）麦吉尔大学德桑特尔斯管理学院（美）罗伯特N.安东尼（RobertAnthony）哈佛大学商学院著,978-7-111-44854-9,2013-12-31,39.00 ,http://cmpbook.com/data/stackroom/4/448541.jpg
数字设计和计算机体系结构（英文版・第2版）,作者：（美）DavidMoneyHarris哈维玛德学院SarahL.Harris哈维玛德学院著,978-7-111-44810-5,2013-12-31,129.00 ,http://cmpbook.com/data/stackroom/4/448101.jpg
国际商务：环境与运作（英文版・原书第13版）,作者：（美）约翰D.丹尼尔斯（JohnD.Daniels）迈阿密大学李H.拉德巴赫（LeeH.Radebaugh）杨百翰大学丹尼尔P.沙利文（DanielP.Sullivan）特拉华大学著,978-7-111-46099-2,2014-04-10,99.00 ,http://cmpbook.com/data/stackroom/4/460991.jpg
计算机组成与设计：硬件/软件接口（英文版・第5版・亚洲版）,"作者：（美）帕特森（Patterson,D.A），（美）亨尼斯（Hennessy,J.L.）著",978-7-111-45316-1,2014-02-11,139.00 ,http://cmpbook.com/data/stackroom/4/453161.jpg
会计学基础（英文版・原书第11版）,作者：(美)莱斯利K.布莱特纳（LeslieBreitner）麦吉尔大学德桑特尔斯管理学院（美）罗伯特N.安东尼（RobertAnthony）哈佛大学商学院著,978-7-111-44854-9,2013-12-31,39.00 ,http://cmpbook.com/data/stackroom/4/448541.jpg
数字设计和计算机体系结构（英文版・第2版）,作者：（美）DavidMoneyHarris哈维玛德学院SarahL.Harris哈维玛德学院著,978-7-111-44810-5,2013-12-31,129.00 ,http://cmpbook.com/data/stackroom/4/448101.jpg
货币金融学原理（英文版・原书第12版）,作者：（美）劳伦斯S.里特（LawrenceS.Ritter）威廉L.西尔伯（WilliamL.Silber）格雷戈里F.尤德尔（GregoryF.Udell）著,978-7-111-43833-5,2013-09-23,65.00 ,http://cmpbook.com/data/stackroom/4/438331.jpg
计算机组成与设计：硬件/软件接口（英文版・第5版・亚洲版）,"作者：（美）帕特森（Patterson,D.A），（美）亨尼斯（Hennessy,J.L.）著",978-7-111-45316-1,2014-02-11,139.00 ,http://cmpbook.com/data/stackroom/4/453161.jpg
会计学基础（英文版・原书第11版）,作者：(美)莱斯利K.布莱特纳（LeslieBreitner）麦吉尔大学德桑特尔斯管理学院（美）罗伯特N.安东尼（RobertAnthony）哈佛大学商学院著,978-7-111-44854-9,2013-12-31,39.00 ,http://cmpbook.com/data/stackroom/4/448541.jpg
数字设计和计算机体系结构（英文版・第2版）,作者：（美）DavidMoneyHarris哈维玛德学院SarahL.Harris哈维玛德学院著,978-7-111-44810-5,2013-12-31,129.00 ,http://cmpbook.com/data/stackroom/4/448101.jpg
货币金融学原理（英文版・原书第12版）,作者：（美）劳伦斯S.里特（LawrenceS.Ritter）威廉L.西尔伯（WilliamL.Silber）格雷戈里F.尤德尔（GregoryF.Udell）著,978-7-111-43833-5,2013-09-23,65.00 ,http://cmpbook.com/data/stackroom/4/438331.jpg
物流管理（英文版・原书第4版）,作者：（英）艾伦・哈里森（AlanHarrison）克兰菲尔德大学（荷）雷姆科・范赫克（RemkovanHoek）克兰菲尔德物流与供应链管理研究中心,978-7-111-43863-2,2013-09-11,50.00 ,http://cmpbook.com/data/stackroom/4/438631.jpg
会计学基础（英文版・原书第11版）,作者：(美)莱斯利K.布莱特纳（LeslieBreitner）麦吉尔大学德桑特尔斯管理学院（美）罗伯特N.安东尼（RobertAnthony）哈佛大学商学院著,978-7-111-44854-9,2013-12-31,39.00 ,http://cmpbook.com/data/stackroom/4/448541.jpg
数字设计和计算机体系结构（英文版・第2版）,作者：（美）DavidMoneyHarris哈维玛德学院SarahL.Harris哈维玛德学院著,978-7-111-44810-5,2013-12-31,129.00 ,http://cmpbook.com/data/stackroom/4/448101.jpg
货币金融学原理（英文版・原书第12版）,作者：（美）劳伦斯S.里特（LawrenceS.Ritter）威廉L.西尔伯（WilliamL.Silber）格雷戈里F.尤德尔（GregoryF.Udell）著,978-7-111-43833-5,2013-09-23,65.00 ,http://cmpbook.com/data/stackroom/4/438331.jpg
物流管理（英文版・原书第4版）,作者：（英）艾伦・哈里森（AlanHarrison）克兰菲尔德大学（荷）雷姆科・范赫克（RemkovanHoek）克兰菲尔德物流与供应链管理研究中心,978-7-111-43863-2,2013-09-11,50.00 ,http://cmpbook.com/data/stackroom/4/438631.jpg
货币金融学（英文版・原书第2版）,作者：(美)弗雷德里克S.米什金（FredericS.Mishkin）著,978-7-111-43395-8,2013-09-04,85.00 ,http://cmpbook.com/data/stackroom/4/433951.jpg
数字设计和计算机体系结构（英文版・第2版）,作者：（美）DavidMoneyHarris哈维玛德学院SarahL.Harris哈维玛德学院著,978-7-111-44810-5,2013-12-31,129.00 ,http://cmpbook.com/data/stackroom/4/448101.jpg
货币金融学原理（英文版・原书第12版）,作者：（美）劳伦斯S.里特（LawrenceS.Ritter）威廉L.西尔伯（WilliamL.Silber）格雷戈里F.尤德尔（GregoryF.Udell）著,978-7-111-43833-5,2013-09-23,65.00 ,http://cmpbook.com/data/stackroom/4/438331.jpg
物流管理（英文版・原书第4版）,作者：（英）艾伦・哈里森（AlanHarrison）克兰菲尔德大学（荷）雷姆科・范赫克（RemkovanHoek）克兰菲尔德物流与供应链管理研究中心,978-7-111-43863-2,2013-09-11,50.00 ,http://cmpbook.com/data/stackroom/4/438631.jpg
货币金融学（英文版・原书第2版）,作者：(美)弗雷德里克S.米什金（FredericS.Mishkin）著,978-7-111-43395-8,2013-09-04,85.00 ,http://cmpbook.com/data/stackroom/4/433951.jpg
计算机文化（英文版・第15版）,作者：（美）JuneJamrichParsonsDanOja著,978-7-111-42803-9,2013-08-28,79.00 ,http://cmpbook.com/data/stackroom/4/428031.jpg
货币金融学原理（英文版・原书第12版）,作者：（美）劳伦斯S.里特（LawrenceS.Ritter）威廉L.西尔伯（WilliamL.Silber）格雷戈里F.尤德尔（GregoryF.Udell）著,978-7-111-43833-5,2013-09-23,65.00 ,http://cmpbook.com/data/stackroom/4/438331.jpg
物流管理（英文版・原书第4版）,作者：（英）艾伦・哈里森（AlanHarrison）克兰菲尔德大学（荷）雷姆科・范赫克（RemkovanHoek）克兰菲尔德物流与供应链管理研究中心,978-7-111-43863-2,2013-09-11,50.00 ,http://cmpbook.com/data/stackroom/4/438631.jpg
货币金融学（英文版・原书第2版）,作者：(美)弗雷德里克S.米什金（FredericS.Mishkin）著,978-7-111-43395-8,2013-09-04,85.00 ,http://cmpbook.com/data/stackroom/4/433951.jpg
计算机文化（英文版・第15版）,作者：（美）JuneJamrichParsonsDanOja著,978-7-111-42803-9,2013-08-28,79.00 ,http://cmpbook.com/data/stackroom/4/428031.jpg
电子商务（英文精编版・第10版）,作者：（美）GaryP.Schneider著,978-7-111-43433-7,2013-08-28,69.00 ,http://cmpbook.com/data/stackroom/4/434331.jpg
物流管理（英文版・原书第4版）,作者：（英）艾伦・哈里森（AlanHarrison）克兰菲尔德大学（荷）雷姆科・范赫克（RemkovanHoek）克兰菲尔德物流与供应链管理研究中心,978-7-111-43863-2,2013-09-11,50.00 ,http://cmpbook.com/data/stackroom/4/438631.jpg
货币金融学（英文版・原书第2版）,作者：(美)弗雷德里克S.米什金（FredericS.Mishkin）著,978-7-111-43395-8,2013-09-04,85.00 ,http://cmpbook.com/data/stackroom/4/433951.jpg
计算机文化（英文版・第15版）,作者：（美）JuneJamrichParsonsDanOja著,978-7-111-42803-9,2013-08-28,79.00 ,http://cmpbook.com/data/stackroom/4/428031.jpg
电子商务（英文精编版・第10版）,作者：（美）GaryP.Schneider著,978-7-111-43433-7,2013-08-28,69.00 ,http://cmpbook.com/data/stackroom/4/434331.jpg
数据通信与网络（英文版・第5版）,作者：（美）BehrouzA.Forouzan著,978-7-111-42743-8,2013-07-15,89.00 ,http://cmpbook.com/data/stackroom/4/427431.jpg
货币金融学（英文版・原书第2版）,作者：(美)弗雷德里克S.米什金（FredericS.Mishkin）著,978-7-111-43395-8,2013-09-04,85.00 ,http://cmpbook.com/data/stackroom/4/433951.jpg
计算机文化（英文版・第15版）,作者：（美）JuneJamrichParsonsDanOja著,978-7-111-42803-9,2013-08-28,79.00 ,http://cmpbook.com/data/stackroom/4/428031.jpg
电子商务（英文精编版・第10版）,作者：（美）GaryP.Schneider著,978-7-111-43433-7,2013-08-28,69.00 ,http://cmpbook.com/data/stackroom/4/434331.jpg
数据通信与网络（英文版・第5版）,作者：（美）BehrouzA.Forouzan著,978-7-111-42743-8,2013-07-15,89.00 ,http://cmpbook.com/data/stackroom/4/427431.jpg
C和C++安全编码（英文版・第2版）,作者：（美）RobertC.Seacord著,978-7-111-42804-6,2013-07-04,89.00 ,http://cmpbook.com/data/stackroom/4/428041.jpg
计算机文化（英文版・第15版）,作者：（美）JuneJamrichParsonsDanOja著,978-7-111-42803-9,2013-08-28,79.00 ,http://cmpbook.com/data/stackroom/4/428031.jpg
电子商务（英文精编版・第10版）,作者：（美）GaryP.Schneider著,978-7-111-43433-7,2013-08-28,69.00 ,http://cmpbook.com/data/stackroom/4/434331.jpg
数据通信与网络（英文版・第5版）,作者：（美）BehrouzA.Forouzan著,978-7-111-42743-8,2013-07-15,89.00 ,http://cmpbook.com/data/stackroom/4/427431.jpg
C和C++安全编码（英文版・第2版）,作者：（美）RobertC.Seacord著,978-7-111-42804-6,2013-07-04,89.00 ,http://cmpbook.com/data/stackroom/4/428041.jpg
C++程序设计（英文版・第3版）,作者：（美）Y.DanielLiang著,978-7-111-42505-2,2013-06-08,79.00 ,http://cmpbook.com/data/stackroom/4/425051.jpg
电子商务（英文精编版・第10版）,作者：（美）GaryP.Schneider著,978-7-111-43433-7,2013-08-28,69.00 ,http://cmpbook.com/data/stackroom/4/434331.jpg
数据通信与网络（英文版・第5版）,作者：（美）BehrouzA.Forouzan著,978-7-111-42743-8,2013-07-15,89.00 ,http://cmpbook.com/data/stackroom/4/427431.jpg
C和C++安全编码（英文版・第2版）,作者：（美）RobertC.Seacord著,978-7-111-42804-6,2013-07-04,89.00 ,http://cmpbook.com/data/stackroom/4/428041.jpg
C++程序设计（英文版・第3版）,作者：（美）Y.DanielLiang著,978-7-111-42505-2,2013-06-08,79.00 ,http://cmpbook.com/data/stackroom/4/425051.jpg
大规模并行处理器程序设计（英文版・第2版）,作者：（美）DavidB.Kirk；Wen-meiW.Hwu著,978-7-111-41629-6,2013-03-28,79.00 ,http://cmpbook.com/data/stackroom/4/416291.jpg
数据通信与网络（英文版・第5版）,作者：（美）BehrouzA.Forouzan著,978-7-111-42743-8,2013-07-15,89.00 ,http://cmpbook.com/data/stackroom/4/427431.jpg
C和C++安全编码（英文版・第2版）,作者：（美）RobertC.Seacord著,978-7-111-42804-6,2013-07-04,89.00 ,http://cmpbook.com/data/stackroom/4/428041.jpg
C++程序设计（英文版・第3版）,作者：（美）Y.DanielLiang著,978-7-111-42505-2,2013-06-08,79.00 ,http://cmpbook.com/data/stackroom/4/425051.jpg
大规模并行处理器程序设计（英文版・第2版）,作者：（美）DavidB.Kirk；Wen-meiW.Hwu著,978-7-111-41629-6,2013-03-28,79.00 ,http://cmpbook.com/data/stackroom/4/416291.jpg
Python语言程序设计（英文版）,作者：（美）Y.DanielLiang著阿姆斯特朗亚特兰大州立大学,978-7-111-41234-2,2013-03-15,79.00 ,http://cmpbook.com/data/stackroom/4/412341.jpg
C和C++安全编码（英文版・第2版）,作者：（美）RobertC.Seacord著,978-7-111-42804-6,2013-07-04,89.00 ,http://cmpbook.com/data/stackroom/4/428041.jpg
C++程序设计（英文版・第3版）,作者：（美）Y.DanielLiang著,978-7-111-42505-2,2013-06-08,79.00 ,http://cmpbook.com/data/stackroom/4/425051.jpg
大规模并行处理器程序设计（英文版・第2版）,作者：（美）DavidB.Kirk；Wen-meiW.Hwu著,978-7-111-41629-6,2013-03-28,79.00 ,http://cmpbook.com/data/stackroom/4/416291.jpg
Python语言程序设计（英文版）,作者：（美）Y.DanielLiang著阿姆斯特朗亚特兰大州立大学,978-7-111-41234-2,2013-03-15,79.00 ,http://cmpbook.com/data/stackroom/4/412341.jpg
现代嵌入式计算（英文版）,作者：（美）PeterBarryIntel公司PatrickCrowley华盛顿大学圣路易斯分校著,978-7-111-41235-9,2013-03-08,79.00 ,http://cmpbook.com/data/upload/stackroom/41235_ZlIrkh.jpg
C++程序设计（英文版・第3版）,作者：（美）Y.DanielLiang著,978-7-111-42505-2,2013-06-08,79.00 ,http://cmpbook.com/data/stackroom/4/425051.jpg
大规模并行处理器程序设计（英文版・第2版）,作者：（美）DavidB.Kirk；Wen-meiW.Hwu著,978-7-111-41629-6,2013-03-28,79.00 ,http://cmpbook.com/data/stackroom/4/416291.jpg
Python语言程序设计（英文版）,作者：（美）Y.DanielLiang著阿姆斯特朗亚特兰大州立大学,978-7-111-41234-2,2013-03-15,79.00 ,http://cmpbook.com/data/stackroom/4/412341.jpg
现代嵌入式计算（英文版）,作者：（美）PeterBarryIntel公司PatrickCrowley华盛顿大学圣路易斯分校著,978-7-111-41235-9,2013-03-08,79.00 ,http://cmpbook.com/data/upload/stackroom/41235_ZlIrkh.jpg
计算机与机器视觉：理论、算法与实践（英文版・第4版）,"作者：（英）戴维斯（Davies,E.R.）著",978-7-111-41232-8,2013-03-07,128.00 ,http://cmpbook.com/data/upload/stackroom/41232_22Zsvv.jpg
大规模并行处理器程序设计（英文版・第2版）,作者：（美）DavidB.Kirk；Wen-meiW.Hwu著,978-7-111-41629-6,2013-03-28,79.00 ,http://cmpbook.com/data/stackroom/4/416291.jpg
Python语言程序设计（英文版）,作者：（美）Y.DanielLiang著阿姆斯特朗亚特兰大州立大学,978-7-111-41234-2,2013-03-15,79.00 ,http://cmpbook.com/data/stackroom/4/412341.jpg
现代嵌入式计算（英文版）,作者：（美）PeterBarryIntel公司PatrickCrowley华盛顿大学圣路易斯分校著,978-7-111-41235-9,2013-03-08,79.00 ,http://cmpbook.com/data/upload/stackroom/41235_ZlIrkh.jpg
计算机与机器视觉：理论、算法与实践（英文版・第4版）,"作者：（英）戴维斯（Davies,E.R.）著",978-7-111-41232-8,2013-03-07,128.00 ,http://cmpbook.com/data/upload/stackroom/41232_22Zsvv.jpg
计算机组成与设计：硬件/软件接口（英文版・第4版）,作者：（美）DavidA.Patterson加州大学伯克利分校JohnL.Hennessy斯坦福大学著,978-7-111-41237-3,2013-03-04,139.00 ,http://cmpbook.com/data/upload/stackroom/41237_Shktga.jpg
Python语言程序设计（英文版）,作者：（美）Y.DanielLiang著阿姆斯特朗亚特兰大州立大学,978-7-111-41234-2,2013-03-15,79.00 ,http://cmpbook.com/data/stackroom/4/412341.jpg
现代嵌入式计算（英文版）,作者：（美）PeterBarryIntel公司PatrickCrowley华盛顿大学圣路易斯分校著,978-7-111-41235-9,2013-03-08,79.00 ,http://cmpbook.com/data/upload/stackroom/41235_ZlIrkh.jpg
计算机与机器视觉：理论、算法与实践（英文版・第4版）,"作者：（英）戴维斯（Davies,E.R.）著",978-7-111-41232-8,2013-03-07,128.00 ,http://cmpbook.com/data/upload/stackroom/41232_22Zsvv.jpg
计算机组成与设计：硬件/软件接口（英文版・第4版）,作者：（美）DavidA.Patterson加州大学伯克利分校JohnL.Hennessy斯坦福大学著,978-7-111-41237-3,2013-03-04,139.00 ,http://cmpbook.com/data/upload/stackroom/41237_Shktga.jpg
多处理器编程的艺术（英文版・修订版）,作者：（美）MauriceHerlihy布朗大学NirShavit麻省理工学院著,978-7-111-41233-5,2013-03-04,79.00 ,http://cmpbook.com/data/upload/stackroom/41233_mOiDsW.jpg
